<?xml version="1.0" encoding="UTF-8" standalone="yes"?>
<addon id="repository.balandro" name="Balandro Repo" version="2.0.0" provider-name="Balandro Team">

	<extension point="xbmc.addon.repository" name="balandro repo">
		<info>https://raw.githubusercontent.com/balandro-tk/balandro/main/addons.xml</info>
		<checksum>https://raw.githubusercontent.com/balandro-tk/balandro/main/addons.xml.md5</checksum>
		<datadir zip="true">https://raw.githubusercontent.com/balandro-tk/balandro/main/</datadir>
	</extension>

	<extension point="xbmc.addon.metadata">
        <summary>Repositorio de Balandro</summary>
        <assets>
            <icon>icon.png</icon>
        </assets>
        <news>
        [COLOR darkorange] Octubre 2021[/COLOR]
          Fuente:
            https://balandro-tk.github.io/balandro/

        [COLOR darkorange][B]Media Centers soportados[COLOR plum][I] Kodi 19.X, 18.X y 17.X [/I][/B][/COLOR]
        </news>
        <description>[COLOR yellow][B]Balandro es un MOD derivado de Pelisalacarta y Alfa,[COLOR mediumaquamarine] y Tiene Como Objeto, Permitir Visualizar Películas, Series y Documentales, Todo a Través de Internet y Directamente Desde su Sistema Media Center. [COLOR orchid]Este Add-On es Tan Solo un Mero Ejercicio de Aprendizaje Del Lenguaje de Programación Python y se Distribuye Sin Ningún Contenido Multimedia Adjunto al Mismo [COLOR lightgrey][I]En Consecuencia Solo Las Webs Son Plenamente Responsables de Los Contenidos Que Publiquen.[/I][/B][/COLOR]</description>
        <disclaimer>[COLOR tan][B]Está Prohibida su Distribución, Solo o Junto Con Contenidos Multimedia Protegidos Por Los Derechos de Autor. [COLOR chocolate]Si Este Tipo de Contenido Está Prohibido en su País, Solamente Usted Será el Responsable de su Uso. [COLOR white]La Vulneración de Estas Prohibiciones Exonerarán de Cualquier Culpa a sus Autores, [COLOR red]Siendo el Único Responsable Quien lo Haya Distribuido o Utilizado Ilegalmente.[/B][/COLOR]</disclaimer>
        <platform>all</platform>
        <license>GNU GPL v3</license>
        <source>https://balandro-tk.github.io/balandro/</source>
        <forum>https://www.mimediacenter.info/foro/viewforum.php?f=44</forum>
	</extension>
</addon>
