{
    "settings": {
        "LIBTORRENT_in_use": false, 
        "bt_buffer": "50", 
        "bt_download_path": "C:\\Users\\HP\\AppData\\Roaming\\Kodi\\userdata\\addon_data\\plugin.video.alfa\\downloads", 
        "capture_thru_browser_path": "", 
        "libtorrent_error": "", 
        "libtorrent_path": "C:\\Users\\HP\\AppData\\Roaming\\Kodi\\addons\\plugin.video.alfa\\lib\\python_libtorrent\\windows_x64\\2.0.2", 
        "libtorrent_version": "windows_x64/2.0.2", 
        "magnet2torrent": false, 
        "mct_background_download": true, 
        "mct_buffer": "50", 
        "mct_download_limit": "", 
        "mct_download_path": "C:\\Users\\HP\\AppData\\Roaming\\Kodi\\userdata\\addon_data\\plugin.video.alfa\\downloads", 
        "mct_rar_unpack": true, 
        "torrent_client": 1, 
        "unrar_path": "C:\\Users\\HP\\AppData\\Roaming\\Kodi\\addons\\plugin.video.alfa\\lib\\rarfiles\\windows\\unrar.exe"
    }
}