{
    "settings": {
        "auto_download_new": false,
        "auto_download_new_all": false,
        "current_host": "https://www.elitetorrent.com/",
        "emergency_urls": 1,
        "emergency_urls_torrents": true,
        "filter_languages": 0,
        "find_alt_link_option": false,
        "include_in_global_search": false,
        "include_in_newest_peliculas": false,
        "modo_grafico": true,
        "modo_grafico_lang": 0,
        "pseudo_titulos": true,
        "seleccionar_ult_temporadda_activa": null,
        "timeout_downloadpage": 5
    }
}