{
    "settings": {
        "auto_download_new": false,
        "auto_download_new_all": false,
        "current_host": "https://hacktorrent.men/",
        "emergency_urls": 1,
        "emergency_urls_torrents": true,
        "filter_languages": 0,
        "include_in_global_search": true,
        "include_in_newest_Anime": false,
        "include_in_newest_latino": false,
        "include_in_newest_peliculas": false,
        "include_in_newest_series": false,
        "include_in_newest_torrent": false,
        "modo_grafico": true,
        "modo_grafico_lang": 0,
        "pseudo_titulos": true,
        "season_colapse": true,
        "seleccionar_ult_temporadda_activa": true,
        "timeout_downloadpage": 5
    }
}