{
    "settings": {
        "current_host": "https://wolfmax4k.com/",
        "emergency_urls": 0,
        "emergency_urls_torrents": true,
        "enabled": true,
        "filter_languages": 0,
        "find_alt_link_option": false,
        "include_in_global_search": false,
        "include_in_newest_4k": true,
        "include_in_newest_peliculas": true,
        "include_in_newest_torrent": true,
        "modo_grafico": false,
        "modo_grafico_lang": 0,
        "pseudo_titulos": false,
        "timeout_downloadpage": 5
    }
}