[{"info": {"rating": "9.1", "genre": "Miscellaneous, Compilation", "studio": "Nintendo", "year": "1997", "date": "20/08/1993", "size": 980431, "plot": "Revisit the magic and fun of the classic Super Mario Bros. series on your Super NES! All the great Super Mario Bros. games for the NES have been powered up with 16-bit graphics and sound and collected on one super game pak. As an added bonus, the previously unreleased 'Lost Levels' are included. These super challenging courses have never been available in this country until now![CR][B][B]Cheat:[/B][/B] Acceleration Glitch (Super Mario Bros. 3)[CR]Note this glitch requires the use of a SNES controller that allows you to press both Left and Right on the D-Pad simultaneously. This glitch also only works on Super Mario Bros. 3 and only on the All-Stars releases of this game. By pressing both Left and Right, Mario (or Luigi) will move very, very quickly to the right - much faster than is normally possible, even when your P-Meter is maxed. This makes it much easier to get to the goal in a small amount of time (thus meaning more points) and also makes some gaps, previously uncrossable, now crossable.[CR][B][B]Cheat:[/B][/B] (SMB 3) Hidden White Mushroom Houses[CR]In certain levels, the screen moves forward and pushes you along. If you get a certain number of coins within these said levels, you unlock a secret white mushroom house holding a powerful item. Below are the levels and the number of coins needed in each level.[CR][B][B]Cheat:[/B][/B] Hide behind scenery (Super Mario Brothers 3)[CR]To ''hide'' behind scenery, simply hold down for a couple seconds while standing on a white block. Then your player can ''hide'' behind scenery for about thirty seconds.[CR][B][B]Cheat:[/B][/B] Hide behind scenery (Super Mario Brothers 3)[CR]To get an Extra Life, make sure that when you touch the flagpole, the last digit of the timer is a multiple of the number of coins you have (Example: TIMER = 231/COINS = 11). This also works with 0. Do this correctly and instead of getting a point bonus, you will get a 1-UP.[CR][B][B]Cheat:[/B][/B] Hide behind scenery (Super Mario Brothers 3)[CR]If you finish a level (touch the flagpole) when the ones digit of the time is 1, 3, or 6, there will be that many fireworks and each one is worth 500 points.[CR][B][B]Cheat:[/B][/B] Hide behind scenery (Super Mario Brothers 3)[CR]Get on top of the ceiling in world 4-2 and run past the end pipe that leads to the flagpole. You will find a lone pipe that warps you to world 5[CR][B][B]Cheat:[/B][/B] Hide behind scenery (Super Mario Brothers 3)[CR]To find a Warp Zone that can take you Level 2, 3, or 4 go to the part of world 1-2 then get to the part of the world at the end  where all the platforms are moving up.  Jump on one, then leap on top of the ceiling from there.  Keep going until you reach five pipes.  It'll say ''Welcome to Warp Zone!'' with a number above each pipe.  The 2 takes you to level 2, the three to level 3, and the four to level four.[CR][B][B]Cheat:[/B][/B] Hide behind scenery (Super Mario Brothers 3)[CR]Go to world 4-2 [CR]Go past the first set of down platforms to 3 seemingly unreachable blocks. [CR]Uncover 2 invisible blocks under the rightmost and center bricks by jumping. Hit the left brick to sprout a vine. Climb the vine up and proceed right. You will find Warp zones 6,7, and 8[CR][B][B]Cheat:[/B][/B] Hide behind scenery (Super Mario Brothers 3)[CR]Take a potion to the isolated vase to the right of the door into the building in 1-3. Place the potion close to the vase and go through the door to Sub Space. [CR]Stand on top of the vase while in Sub Space and press Down on the d-pad to warp to World 4-1[CR][B][B]Cheat:[/B][/B] Hide behind scenery (Super Mario Brothers 3)[CR]Go to world 1-3 and find a potion. Now find the vase next to the brick building all the way to the right side of the level. Drop the potion and go into Sub-Space  [CR]Warp into the vaseby standing on top of it and pressing Down on the d-pad. You will warp to World 4.[CR][B][B]Cheat:[/B][/B] Hide behind scenery (Super Mario Brothers 3)[CR]Go to World 3-1 and enter the door to the waterfall and clouds. Drop down the waterfall to a door way down below. Find the potion in the huge patch of vegetables and take it to the vase next to the door. Enter Sub Space and stand on top of the vase and press down on the d-pad to enter the vase. You will be taken to 5-1[CR][B][B]Cheat:[/B][/B] Hide behind scenery (Super Mario Brothers 3)[CR]Go to World 4-2 and proceed to the whales. Find a potion and get to the island with the vase. Place the potion down and enter the door that appears to go into Sub Space. Warp down the vase to World 6-1[CR][B][B]Cheat:[/B][/B] Hide behind scenery (Super Mario Brothers 3)[CR]Go to World 5-3 and find a potion. Proceed all the way back left and use Luigi's squat jump or an enemy to get to the platform with the vase. Drop the potion and enter Sub Space and warp down the vase to World 7-1[CR][B][B]Cheat:[/B][/B] Hide behind scenery (Super Mario Brothers 3)[CR]Get the first 2 warp whistles [CR](Find a white block and crouch on it for 5 seconds in 1-3, then proceed right to the goal) [CR]2:Enter the World 1 Fortress and reach the first door with Raccoon power (you should see a Dry Bones and a ''?'' block. Now step on Dry Bones and get enough speed to power your flying meter and fly over the level (Lots of A tapping) [CR]then proceed all the way right on the ceiling, and press Up on the d-pad to enter the door and get the chest. [CR]Now use the first Warp Whistle on the map screen to warp to the warp zone. Then while still in the warp zone (without warping) use the 2nd whistle. It will send you to the isolated World 8 Pipe.  [CR]Using a warp whistle to get to the warp zone then using another whistle in the warp zone itself takes you to level 8 no matter where you are. [CR]You can also reach World 8 by using the warp whistle in World 7 once.[CR][B][B]Cheat:[/B][/B] Hide behind scenery (Super Mario Brothers 3)[CR]At the end of the game, when Bowser uses his jump attack on you, duck if you are big Mario, or stay still if you are small Mario. Bowser will break the bricks, but he won't hurt you. If you are small Mario, you can run right through Bowser and not get hurt.[CR][B][B]Cheat:[/B][/B] Hide behind scenery (Super Mario Brothers 3)[CR]In other words, Bowser's lower half is harmless, but his upper half can still hurt you.[CR][B][B]Cheat:[/B][/B] Hide behind scenery (Super Mario Brothers 3)[CR]Complete levels until you get to toads mushroom house, where you get to open a chest for an item. Get the item, save and exit. Now reload the file and the levels you finished will still be completed but toads house will be back so you can get the item again! :D Repeat until you have as many as you need. Also this works for the extra lives slot and the memory card game houses too.[CR][B][B]Cheat:[/B][/B] Hide behind scenery (Super Mario Brothers 3)[CR]To turn a wandering hammer brother (the ones that walk about on the world map) into a white ship full of coins, collect a number of coins that is a multiple of 11. Make the tens digit in your score match the multiple of 11. Stop the timer at the end of the stage that you are playing in on an even number.[CR][B][B]Cheat:[/B][/B] Hide behind scenery (Super Mario Brothers 3)[CR]One combination would be: 11 coins, 9,310 as your score, and the timer at 104. This only works in worlds 1, 3, 5, and 6.[CR][B][B]Cheat:[/B][/B] Hide behind scenery (Super Mario Brothers 3)[CR]Make sure you're Fire Mario/Luigi when you reach Bowser. Blast him with fireballs, but don't grab the axe just yet. Instead, wait the timer out, but make sure you're next to the axe when there's about 50 seconds left. Now get ready and time your jump on the axe so the Timer reads '000'. Once you reach Toad and the game adds the Timer to your score, you may notice that it changed from '000' to '999'. Thus the game thinks you finished with '1000' on the Timer and times that by 5.   Note: this does not work on the Original NES version of the game.[CR][B][B]Cheat:[/B][/B] Hide behind scenery (Super Mario Brothers 3)[CR]To get the N-Spade card game to appear on the World Map. You must do gain 80,000 points as one player, and successfully beat the stage that you broke the 80,000 points with.[CR][B][B]Cheat:[/B][/B] Hide behind scenery (Super Mario Brothers 3)[CR][B]Level 1-3[/B][CR]Find the white block near the end and crouch on to of it for 5 seconds. Then proceed to the goal, and go behind it. You will find a Mushroom house with a Whistle.[CR][B][B]Cheat:[/B][/B] Hide behind scenery (Super Mario Brothers 3)[CR][B]Level 1 Fortress[/B][CR]Fly over the top of the level when you find the first door with your raccoon powers, and find a hidden door at the far right on the ceiling. It leads to a warp whistle[CR][B][B]Cheat:[/B][/B] Hide behind scenery (Super Mario Brothers 3)[CR][B]Level 2 Hammer Brother[/B][CR]Get the Hammer from one of the Hammer Brothers here and use it to destroy the rock at the upper right corner of the Level 2 Map. Then engage the hammer brother on the other side. You should get a chest with a Warp Whistle.[CR][B][B]Cheat:[/B][/B] Hide behind scenery (Super Mario Brothers 3)[CR]To warp to Worlds 2, 3,or 4 during World 1-2, go to the end where the 2 platforms are rising, get on the first platform, and use it to jump onto the highest structure in the middle, then jump on the next rising platform, but this time, when it reaches the top, jump onto the TOP of the level. Walk foward and drop down the small jump, and you can now warp to Worlds 2, 3, or 4 by going down the desired tube, and pressing down.[CR][B][B]Cheat:[/B][/B] Hide behind scenery (Super Mario Brothers 3)[CR]To warp to World 6,7 or 8 during World 4-2, go to the place where three blocks are can be seen (where a pipe can also be seen). Jump below the third block where you can reveal a secret block but be careful on jumping below the 1st block because you can't break it thus going to the secret warp world unless you are a small Mario. Then step on to it and break the 2nd and the 3rd block. After you have done this, go down, then jump again below the second block now (it should have been broken now). The position of the two revealed blocks must be a stair from right to left. Anyway, step on to the 2nd block then braek the 1st block and there you can see the vine going up. Climb until you reach the day light again. Get some coins if you wish and you can now see three pipes like in the secret warp Worlds 2,3 and 4. Go down your desired pipe.[CR][B][B]Cheat:[/B][/B] Hide behind scenery (Super Mario Brothers 3)[CR]At the very end place of world 4-2 (where you can see the pipe going to the flag) jump on the long pipe and break the brick above it and go through the end and you can see the pipe going to the World 5.[CR][B][B]Cheat:[/B][/B] Hide behind scenery (Super Mario Brothers 3)[CR]In Super Mario Brothers: Lost Levels, if you complete the game without warping, (Going through worlds 1-8, AND world 9), then you will move on to 4 secret special worlds. Worlds A, B, C, and D.[CR][B][B]Cheat:[/B][/B] [CR]To access this warp, you must be Super or Fiery Mario. Go to the pipe at the end of the level and jump on top of it. Jump up and break the block over top of the part of the pipe farthest left. Then, position Mario on the edge of the pipe, with one foot hanging off the edge. Duck, then jump backwards as far right as possible.  If done just right, Mario will slide through the pipe and the bricks. Walk over to the warp zone area and enter the middle pipe. This pipe will take you to world 5, level 1. The same area can be acessed from a pipe in the same place in 4-2. However, this is meant to be a warp zone to 5-1, whereas the 1-2 warp to 5-1 is a glitch. After completing the jump trick in level 1-2, you can also go down either of the other two pipes, both of which will take you to Minus World -1. [CR][B][B]Cheat:[/B][/B] [CR]This only works with mushrooms and fire flowers. Reveal a power up from under any block which contains one. Now jump onto the power up and release the A button. As Mario is transitioning to the next power up, hold down the A button, and Mario will jump in mid-air![CR][B][B]Cheat:[/B][/B] [CR]Go to either 1-4, 2-4,3-4, etc. and get to Bowser. Make sure you are Big Mario and try to jump over Bowser or run under him. Stand near the Axe and Bowser will start to walk towards you. As he gets near you, jump high, and touch Bowser and the Axe at the same time. If you do it correctly, you will hear the sound as if you were to shrink, but you will just flash and stay big.  Go to the next stage, and get a Mushroom. (Yes, there will be a Mushroom instead of a Fire Flower.) When you touch the Mushroom, you will shrink. Then get a Fire Flower, and you'll have Fire Power as small Mario. (Note: after you do the Bowser/Axe trick, enemies that touch you will be able to kill you when you are Big Mario. When they touch you while you are small Mario after getting the Mushroom or Fire Flower, you will turn back into Big Mario.) [CR][B][B]Cheat:[/B][/B] [CR]This glitch only works in the castle levels where you fight Bowser at the end - for example, World 1-4, 2-4, 3-4, and so on. It is best to defeat Bowser with Fire Mario or Fire Luigi beforehand, as you must wait out most of the timer to execute this glitch. At the end of the castle levels, there is an axe which you must touch to end the level. If you time your jump correctly (a full jump as the timer goes from 002 to 001 often works) and land on the axe while the timer reads \"000\", you'll continue as normal to the usual sequence at the end of the castle. However, your timer bonus (50 points per second remaining) will be calculated as if you had 999 seconds, not zero, left on the clock. This allows for an easy 49,950 point boost! Note that this glitch, if executed on levels using a flagpole, will prevent you from earning the bonus in that level.[CR][B][B]Cheat:[/B][/B] [CR]Get to world 3-1, and become Super Mario. At the end of the level, by the staircase before the end flag, you will see two turtles coming down the stairs. Jumping over the first one and then jumping on the second one should cause it to hit the star and bounce back. From here, jump on it and keep yourself off the ground for unlimited 1-ups.[CR][B][B]Cheat:[/B][/B] [CR]After beating the game, if you do not turn off the console, you will return to the title screen. There, you can press the B Button to start as desired in World 1, 2, 3, 4, 5, 6, 7, or 8.[CR][B][B]Cheat:[/B][/B] [CR]If you just walk along the sea floor, Bloopers will never be able to kill you because they are forced back up just before they hit the floor(or you).[CR][B][B]Cheat:[/B][/B] [CR]If you run out of lives and want to continue then at the game over screen press and hold A then press start at 1 player (or 2 player) and you will start at the beginning of the world at which you died![CR][B][B]Cheat:[/B][/B] [CR]To warp to Worlds 2, 3,or 4 during World 1-2, go to the end where the 2 platforms are rising, get on the first platform, and use it to jump onto the highest structure in the middle, then jump on the next rising platform, but this time, when it reaches the top, jump onto the TOP of the level. Walk foward and drop down the small jump, and you can now warp to Worlds 2, 3, or 4 by going down the desired tube, and pressing down.[CR][B][B]Cheat:[/B][/B] [CR]To warp to World 6,7 or 8 during World 4-2, go to the place where three blocks are can be seen (where a pipe can also be seen). Jump below the third block where you can reveal a secret block but be careful on jumping below the 1st block because you can't break it thus going to the secret warp world unless you are a small Mario. Then step on to it and break the 2nd and the 3rd block. After you have done this, go down, then jump again below the second block now (it should have been broken now). The position of the two revealed blocks must be a stair from right to left. Anyway, step on to the 2nd block then braek the 1st block and there you can see the vine going up. Climb until you reach the day light again. Get some coins if you wish and you can now see three pipes like in the secret warp Worlds 2,3 and 4. Go down your desired pipe. [CR][B][B]Cheat:[/B][/B] [CR]This is a pretty commonly known secret. If you touch the flagpole of any level with either 1, 3, or 6 seconds left on the ones place of the timer, you will get that amount of fireworks. For example, if you touch the flagpole with 126 seconds left on the time, you will get six fireworks! [CR][B][B]Cheat:[/B][/B] [CR]Well this secret is so easy. At the very end place of world 4-2 (where you can see the pipe going to the flag) jump on the long pipe and break the brick above it and go through the end and you can see the pipe going to the World 5.[CR][B][B]Cheat:[/B][/B] [CR]While playing, pause the game, hold Up, B & A on controller 2 and unpause.[CR][B][B]Cheat:[/B][/B] [CR]Method 1:[CR]Use any character and run right toward an enemy at full speed. Just a split second before you think you're about to get hit, jump! With good timing you'll be able to jump yet again in midair! [CR][B][B]Cheat:[/B][/B] [CR]Method 2:[CR]This is yet another way to jump in midair. Stand on the ground while you have 3 or 4 life units and let an enemy run right into you. You'll lose a life unit, but you'll be able to jump in mid-air.[CR][B][B]Cheat:[/B][/B] [CR]This is most easily performed in World 1-1. Grab a POW block, and carry it to the set of logs. Wait for a log to bog over the waterfall, then throw the POW block so that it hits solid ground. For some odd reason, this will cause the log to fly high into the air. Strange, eh?[CR][B][B]Cheat:[/B][/B] [CR]Go to world 1-3 and find a potion. Now find the vase next to the brick building all the way to the right side of the level. Drop the potion and go into Sub-Space and then warp into the vase (stand on top of it and press down) You will warp to World 4![CR][B][B]Cheat:[/B][/B] [CR]Go to world 3-1 and go through the door to the large waterfall with all the clouds. Now jump down and land on the platform in the center and enter. Take the potion and drop it near the vase. Enter Sub-space and warp through the vase (press down on the vase) You will warp to World 5![CR][B][B]Cheat:[/B][/B] [CR]Go to world 4-2 and get the potion. Now find the vase and put the sub-space door next to it (drop it from atop the vase) Now enter sub-space and warp. You now warped to World 6[CR][B][B]Cheat:[/B][/B] [CR]Go to world 5-3 and get the potion (make sure you can squat-jump to the vase, you need to get someone with a good jumping ability or use an enemy to give you a boost.) [CR]Put the sub space door near the vase and enter sub space and warp into the vase. You are now in world 7![CR][B][B]Cheat:[/B][/B] [CR]When fighting Bowser in the final level of the game, his lower half will not do damage to you. That means you can avoid damage from his ground-pound attack by ducking if you have obtained a power-up at some point, or, if Small Mario, you can walk under him and through him without sustaining damage![CR][B][B]Cheat:[/B][/B] [CR]In the game, you need to wait until the N-Spade card game - which appears with every 80,000 points you earn - spawns and moves to the spot of a fortress on the overworld map. If you go there now and play it, the fortress will as if you had beaten it afterwards, being collapsed and unplayable. Note, however, that the bridges and locks affected by defeating the fortress normally will still not unlock or reappear, so only do this when these things are not required.[CR][B][B]Cheat:[/B][/B] [CR]In World 3-4, about halfway through the level, you'll slide down a long hill to get on another long hill which has some Koopas on it. Take one of their shells further to the right. As the Lakitu appears above, return back to the left. There are two ? Blocks, with a pipe and some bricks between them and wood blocks on the ground. Let the Koopa shell begin bouncing between the wooden blocks and on-screen. The Lakitu's Spinies will almost always launch or crawl down to be killed by the shell; the shell will subsequently rack up more points and lives as time goes on and more Spinies are added.[CR][B][B]Cheat:[/B][/B] [CR]When you come across a Kuribo's Shoe, make sure that you have a Tanooki Suit equipped. Just before you jump into the Shoe, transform into a statue. Mario will turn gray and enemies will be unable to touch him.[CR][B][B]Cheat:[/B][/B] [CR]In this game, when you normally jump on enemies in sequence without touching the ground, the points you earn will increase from 100, to 200, to 400, to 800, to 1,000, netting a 1-Up on the sixth sequential jump and all those after. However, if your fifth (the one after 800 points) jump lands on either a Lakitu or Boomerang Bro., you'll begin getting 1-Ups right then! This glitch was fixed in Super Mario All-Stars.[CR][B][B]Cheat:[/B][/B] [CR]At the start of World 7-1, there is a doorway you're meant to go through. Instead of doing that, run at it and jump at its top-right corner. If done with ample acceleration (and sometimes crouching just before jumping - that can help) you can glitch into the wall and skip the majority of the level.[CR][B][B]Cheat:[/B][/B] [CR]Whenever you find a white block (such as the one in 1-3 that leads to the Whistle), stand on it and hold Down until you go through it. Then enter a pipe. In most cases, once on the other side, you'll be unable to be hurt by enemies for the remainder of the level (although sometimes also invisible).[CR][B][B]Cheat:[/B][/B] [CR]In World 3's first fortress (just after 3-3), there are several doors you're meant to go through in the level, guessing which is the correct one. If you enter a door and it's wrong, you can immediately press Up before falling to go back through the door. Further, doing this on the third and fourth doors will warp you, instead of to the gray pipe like the other doors, straight to the boss room.[CR][B][B]Cheat:[/B][/B] [CR]Complete the game and watch the ending. Now start a new game. You got 28 P-Wings! [CR][B][B]Cheat:[/B][/B] [CR]Note, however, that this will not work on the Japanese versions of the game, where you simply stay at the ending screen until you turn off the console.[CR][B][B]Cheat:[/B][/B] [CR]In Bowsers castle at the end of the game, it is possible to make it so he DOES NOT SPIT FIRE AT YOU.  This trick is easy and only requires getting to world 8 with a P-wing.  First off, use your P-wing on the map before entering the Final Castle.  YOU MUST GET TO BOWSER INTACT.  If you get to the Bowser fight room and the Bricks that he smashes through are not flush with the rest of the floor, then you are in the wrong room.  Now, when you reach Bowsers room, FLY straight up and to the left.  You will be able to walk on a wall above the screen.  Drop down on the other side. You will be in another room to Fight Bowser in.  When you drop, you will be on a door that opens to the princess.  Ignore this room and DO NOT GO TOO FAR TO THE LEFT.  If you do, you will have to fight Bowser and he will still have his Fire Balls. Fly back over the wall to the first room you were in and start the Bowser fight.  He will still throw his head back and make the sound of spitting fire, but nothing will come out.   ;)[CR][B][B]Cheat:[/B][/B] [CR]Get to World 1-2 as Raccoon Mario, with the tail. Climb the hill at the beginning and jump over the horizontal pipe. Stand there for a bit and a whole bunch of Goombas will start walking out of the pipe. Wait for 2-3 of them to come out of the pipe, then jump ontop of one and HOLD A to fly high into the air. Now that you are in the air, use your tail to slowly glide down from the air. On you landing, be sure to land on a second Goomba. Repeat this process for as long as you can. Eventually, the points you get for hitting each Goomba will turn into extra lives. This can be done for as long as you desire to do so. [CR]This can also be done in 2-Fortress, and 7-5, but it is most notably done in 1-2. [CR][B][B]Cheat:[/B][/B] [CR]To ''hide'' behind scenery, simply hold down for a couple seconds while standing on a white block. Then your player can ''hide'' behind scenery for about thirty seconds.[CR][B][B]Cheat:[/B][/B] [CR]To turn a wandering hammer brother (the ones that walk about on the world map) into a white ship full of coins, collect a number of coins that is a multiple of 11.  Make the tens digit in your score match the multiple of 11.  Stop the timer at the end of the stage that you are playing in on an even number.  [CR][B][B]Cheat:[/B][/B] [CR]One combination would be:  11 coins, 9,310 as your score, and the timer at 104.  This only works in worlds 1, 3, 5, and 6.[CR][B][B]Cheat:[/B][/B] [CR]Get through an airship and defeat the boss as a frog, Hammer Mario, or Tannooki, and you'll receive a letter from the King that reads a little differently.[CR][B][B]Cheat:[/B][/B] [CR]To get the N-Spade card game to appear on the World Map. You must do gain 80,000 points as one player, and successfully beat the stage that you broke the 80,000 points with. [CR][B][B]Cheat:[/B][/B] [CR]You could just use the warp whistle at level 7... [CR]If you want to go straight to level 8, you must use a Warp Whistle to proceed to the Warp Zone, then use another warp whistle IN THE WARP ZONE. You will be transported to the level 8 pipe at the bottom of the screen.[CR][B][B]Cheat:[/B][/B] [CR]These secret items will allow you to warp. Here are their locations. [CR][B]Level 1-3[/B] [CR]Find the white block near the end and crouch on to of it for 5 seconds. Then proceed to the goal, and go behind it. You will find a Mushroom house with a Whistle. [CR][B]Level 1 Fortress[/B] [CR]Fly over the top of the level when you find the first door with your raccoon powers, and find a hidden door at the far right on the ceiling. It leads to a warp whistle [CR][B]Level 2 Hammer Brother[/B] [CR]Get the Hammer from one of the Hammer Brothers here and use it to destroy the rock at the upper right corner of the Level 2 Map. Then engage the hammer brother on the other side. You should get a chest with a Warp Whistle.[CR][B][B]Cheat:[/B][/B] [CR]If you get enough coins in a certain course, you can get a White Mushroom House! [CR]A White Mushroom House in worlds 1,3,5,7 have P Wings [CR]A White Mushroom House in worlds 2,4,6 have Anchors [CR]Levels and required coins: [CR]1-4 (44 coins) [CR]2-2 (30 coins) [CR]3-8 (42? coins) [CR]4-2 (22 coins) [CR]5-5 (28 coins) [CR]6-7 (78 coins) [CR]7-2 (42? coins)[CR][B][B]Cheat:[/B][/B] [CR]In 8-4, as you approach the end, you'll cross a pit of lava guarded by two Parakoopas before entering a pipe. This pipe leads to a flat area (except for a dip and a pipe). Past said dip and pipe, you'll find the first Bowser, a fake one that is nonetheless difficult to beat because you cannot instantly kill him with the axe like normal - you must either dodge him, or kill him with Fire Flower fireballs. If you cannot (or do not want to), approach the gap just after the pipe while dashing at full speed - do not jump over the gap. You will run into the wall by doing so. Hold Right on the D-Pad for a while until the first fake Bowser is on-screen (you do so because the camera will not scroll otherwise). When he is about one-third of the way across the screen, you can then just hold Down and you'll automatically scroll past him, still stuck in the wall, although the camera is not scrolling. Once past him, you are free to continue on - you are not required to defeat this Bowser.[CR][B][B]Cheat:[/B][/B] [CR]In World 1-1, go right until you see a Red Koopa boxed in by some bricks. Hit the second brick on the bottom and obtain the Mushroom from it. Then break the third brick and either the leftmost or rightmost one, trapping the Red Koopa on a single brick. You can then stomp on it, and then on its shell like in the original Super Mario Bros.'s infinite-lives trick, infinitely bouncing it back on the wall before you can touch the ground.[CR][B][B]Cheat:[/B][/B] [CR]This glitch only works in the castle levels where you fight Bowser at the end - for example, World 1-4, 2-4, 3-4, and so on. It is best to defeat Bowser with Fire Mario or Fire Luigi beforehand, as you must wait out most of the timer to execute this glitch. At the end of the castle levels, there is an axe which you must touch to end the level. If you time your jump correctly (a full jump as the timer goes from 002 to 001 often works) and land on the axe while the timer reads \"000\", you'll continue as normal to the usual sequence at the end of the castle. However, your timer bonus (50 points per second remaining) will be calculated as if you had 999 seconds, not zero, left on the clock. This allows for an easy 49,950 point boost! Note that this glitch, if executed on levels using a flagpole, will prevent you from earning the bonus in that level.[CR][B][B]Cheat:[/B][/B] [CR]Before you touch the flag at the end of a level, make sure your coin total is a multiple of 11. (00,11,22,33,44,55,66,77,88 or 99). Touch the flag when the last digit of your remaining time is the same digit as your coin total and you'll receive a 1-Up.[CR](For example, 55 coins and 275 time left, or 11 coins and 081 time left) [CR][B][B]Cheat:[/B][/B] [CR]To warp back to World 1, you must be in World 3-1. Near the end of the stage, jump onto the spring and fly over the flagpole. When you land, run forwards, and you'll find the warp pipe that takes you back to World 1.[CR][B][B]Cheat:[/B][/B] [CR]When you're in World 1-2, jump onto the bricks at the top. Run forwards, and you'll go past the pipe to exit the stage. Keep running, and soon enough, you'll find the warp pipe that takes you to World 2.[CR][B][B]Cheat:[/B][/B] [CR]To warp to world 3, you must be in World 1-2. When you reach an area where there is a pipe, a few bricks, and a Steel-Shelled Koopa, hit the first brick on the left. A beanstalk will pop out. Climb up the beanstalk, and at the top, run forwards until you reach the warp pipe that takes you to World 3.[CR][B][B]Cheat:[/B][/B] [CR]To Warp to World 4 you must be in World 1-2.  When you get to the moving platforms jump onto the platform.  While on the platform get a running start then jump to the to the small brick ceiling then jump again to the next brick ceiling.  Keep going until you see 2 pipes.  Go down the pipe that's on the far left.  You will be led to a secret area with lava.  Make sure that Mario or Luigi is small.  Run under the small lava pit that's positioned under a brick wall.  After you make it under the lava pit keep going until you see a pipe.  Don't go down the pipe.  Instead, search for a secret coin block that's located one space to the left of the lava pit.  Then get on the coin block and look for a coin block that's  located one space to the right of the coin block that you are on.  Jump on next coin block and jump up to brick wall ceiling.  You should find a Warp Zone that leads to World 4. [CR][B][B]Cheat:[/B][/B] [CR]To Warp to World 5 you must be in World 8-1.  After you pass the 3rd Hammer Bro go down the next pipe you see that points upwards.  You will be led to a secret water area.  Collect the coins and exit.  When you exit you will end up outside.  Go up the stairs and you will see a pipe that leads you back to World 5.[CR][B][B]Cheat:[/B][/B] [CR]You must be at least Super Mario to do this. Near the end of World 5-1, when you see two rows of floating bricks past two Red Paratroopas, hit the rightmost brick of the top row to release a vine. Smash the brick next to it, and then climb the vine. After going through the small bonus area, you will be dropped off on a pipe right next to a Warp Zone that takes you to World Six.[CR][B][B]Cheat:[/B][/B] [CR]Near the end of world 5-2, when you encounter the trio of tiny elevators, try to go as high as you can, so you can jump off the last elevator and reach the top of the ceiling. Continue to run right, making sure to jump when the ceiling ends, and you will eventually reach the Warp Zone for World 7.[CR][B][B]Cheat:[/B][/B] [CR]In World A-2, about halfway through the underground part of the level, you'll find a set of staircase-like blocks. You can break through the blocks above them and get on the upper portion of the area. From there, you can run and jump heading right and past the warp pipe heading outside - this takes you to a World B warp zone.[CR][B][B]Cheat:[/B][/B] [CR]When you are in World A-3, use the spring to get over the flagpole at the end of the stage. From there, run forwards until you reach a pipe. It takes you to World C.[CR][B][B]Cheat:[/B][/B] [CR]In World B-4, go to the very last pipe in the level (it's next to a lava pit). Jump in the pipe and you will be taken to a Warp Zone area that will lead to World D.[CR][B][B]Cheat:[/B][/B] [CR]In world 5-2, when you reach the three elevators, hop on the first one and use it to hit the brick immediately left of the elevator. Climb the vine that sprouts from the brick and travel through the small bonus area to reach the Warp Zone that'll take you to World 8.", "title": "Super Mario Collection (Japan) (Rev 1)", "mpaa": "E - Everyone", "originaltitle": "Super Mario Collection (Japan) (Rev 1)", "trailer": "plugin://plugin.video.youtube/play/?video_id=8p5gGGJW8_A"}, "art": {"thumb": "https://i.imgur.com/CxMgRGe.jpg", "fanart": "https://i.imgur.com/5Lo9GMI.jpg", "poster": "https://i.imgur.com/CxMgRGe.jpg", "clearlogo": "https://i.imgur.com/TtA1Y0y.png", "banner": "https://i.imgur.com/J1HBGjG.png", "icon": "https://i.imgur.com/TtA1Y0y.png"}, "values": {"label2": "Super Mario Collection (Japan) (Rev 1)", "label": "Super Mario Collection (Japan) (Rev 1)"}, "properties": {"nplayers": "1-2 Alt", "iagl_json": "{\"emu\": {\"emu_visibility\": \"visible\", \"emu_name\": \"Mi lista de favoritos 1\", \"emu_fanart\": \"special://home/addons/plugin.program.iagl/resources/skins/Default/media/fanart.jpg\", \"emu_trailer\": \"NUx66ZEDjnQ\", \"emu_category\": \"Favorites\", \"game_list_id\": \"Mi_lista_de_favoritos_1\", \"emu_baseurl\": \"https://archive.org/download/\", \"emu_thumb\": \"special://home/addons/plugin.program.iagl/resources/skins/Default/media/favorites.png\", \"emu_description\": \"Favorites\", \"emu_homepage\": \"https://kodi.tv\", \"emu_ext_launch_cmd\": \"favorite\", \"game_list_crc\": \"E9FDF69E\", \"emu_version\": \"04012018\", \"emu_postdlaction\": \"none\", \"emu_date\": \"04/01/2018\", \"emu_default_addon\": \"none\", \"emu_downloadpath\": \"default\", \"emu_author\": \"Zach Morris\", \"emu_launcher\": \"retroplayer\", \"emu_logo\": \"special://home/addons/plugin.program.iagl/resources/skins/Default/media/favorites_logo.png\", \"emu_banner\": \"special://home/addons/plugin.program.iagl/resources/skins/Default/media/favorites_banner.png\", \"fullpath\": \"C:\\\\Users\\\\HP\\\\AppData\\\\Roaming\\\\Kodi\\\\userdata\\\\addon_data\\\\plugin.program.iagl\\\\dat_files\\\\Mi_lista_de_favoritos_1.xml\", \"emu_comment\": \"Your Favorites List\"}, \"game\": {\"rating\": \"9.1\", \"rom\": {\"@name\": \"plugin://plugin.program.iagl/game/SNES_ZachMorris/Super+Mario+Collection+%28Japan%29+%28Rev+1%29\", \"@size\": \"980431\"}, \"clearlogo1\": \"TtA1Y0y.png\", \"ESRB\": \"E - Everyone\", \"year\": \"1997\", \"snapshot8\": \"rF3ylpf.jpg\", \"plot\": \"Revisit the magic and fun of the classic Super Mario Bros. series on your Super NES! All the great Super Mario Bros. games for the NES have been powered up with 16-bit graphics and sound and collected on one super game pak. As an added bonus, the previously unreleased 'Lost Levels' are included. These super challenging courses have never been available in this country until now![CR][B][B]Cheat:[/B][/B] Acceleration Glitch (Super Mario Bros. 3)[CR]Note this glitch requires the use of a SNES controller that allows you to press both Left and Right on the D-Pad simultaneously. This glitch also only works on Super Mario Bros. 3 and only on the All-Stars releases of this game. By pressing both Left and Right, Mario (or Luigi) will move very, very quickly to the right - much faster than is normally possible, even when your P-Meter is maxed. This makes it much easier to get to the goal in a small amount of time (thus meaning more points) and also makes some gaps, previously uncrossable, now crossable.[CR][B][B]Cheat:[/B][/B] (SMB 3) Hidden White Mushroom Houses[CR]In certain levels, the screen moves forward and pushes you along. If you get a certain number of coins within these said levels, you unlock a secret white mushroom house holding a powerful item. Below are the levels and the number of coins needed in each level.[CR][B][B]Cheat:[/B][/B] Hide behind scenery (Super Mario Brothers 3)[CR]To ''hide'' behind scenery, simply hold down for a couple seconds while standing on a white block. Then your player can ''hide'' behind scenery for about thirty seconds.[CR][B][B]Cheat:[/B][/B] Hide behind scenery (Super Mario Brothers 3)[CR]To get an Extra Life, make sure that when you touch the flagpole, the last digit of the timer is a multiple of the number of coins you have (Example: TIMER = 231/COINS = 11). This also works with 0. Do this correctly and instead of getting a point bonus, you will get a 1-UP.[CR][B][B]Cheat:[/B][/B] Hide behind scenery (Super Mario Brothers 3)[CR]If you finish a level (touch the flagpole) when the ones digit of the time is 1, 3, or 6, there will be that many fireworks and each one is worth 500 points.[CR][B][B]Cheat:[/B][/B] Hide behind scenery (Super Mario Brothers 3)[CR]Get on top of the ceiling in world 4-2 and run past the end pipe that leads to the flagpole. You will find a lone pipe that warps you to world 5[CR][B][B]Cheat:[/B][/B] Hide behind scenery (Super Mario Brothers 3)[CR]To find a Warp Zone that can take you Level 2, 3, or 4 go to the part of world 1-2 then get to the part of the world at the end  where all the platforms are moving up.  Jump on one, then leap on top of the ceiling from there.  Keep going until you reach five pipes.  It'll say ''Welcome to Warp Zone!'' with a number above each pipe.  The 2 takes you to level 2, the three to level 3, and the four to level four.[CR][B][B]Cheat:[/B][/B] Hide behind scenery (Super Mario Brothers 3)[CR]Go to world 4-2 [CR]Go past the first set of down platforms to 3 seemingly unreachable blocks. [CR]Uncover 2 invisible blocks under the rightmost and center bricks by jumping. Hit the left brick to sprout a vine. Climb the vine up and proceed right. You will find Warp zones 6,7, and 8[CR][B][B]Cheat:[/B][/B] Hide behind scenery (Super Mario Brothers 3)[CR]Take a potion to the isolated vase to the right of the door into the building in 1-3. Place the potion close to the vase and go through the door to Sub Space. [CR]Stand on top of the vase while in Sub Space and press Down on the d-pad to warp to World 4-1[CR][B][B]Cheat:[/B][/B] Hide behind scenery (Super Mario Brothers 3)[CR]Go to world 1-3 and find a potion. Now find the vase next to the brick building all the way to the right side of the level. Drop the potion and go into Sub-Space  [CR]Warp into the vaseby standing on top of it and pressing Down on the d-pad. You will warp to World 4.[CR][B][B]Cheat:[/B][/B] Hide behind scenery (Super Mario Brothers 3)[CR]Go to World 3-1 and enter the door to the waterfall and clouds. Drop down the waterfall to a door way down below. Find the potion in the huge patch of vegetables and take it to the vase next to the door. Enter Sub Space and stand on top of the vase and press down on the d-pad to enter the vase. You will be taken to 5-1[CR][B][B]Cheat:[/B][/B] Hide behind scenery (Super Mario Brothers 3)[CR]Go to World 4-2 and proceed to the whales. Find a potion and get to the island with the vase. Place the potion down and enter the door that appears to go into Sub Space. Warp down the vase to World 6-1[CR][B][B]Cheat:[/B][/B] Hide behind scenery (Super Mario Brothers 3)[CR]Go to World 5-3 and find a potion. Proceed all the way back left and use Luigi's squat jump or an enemy to get to the platform with the vase. Drop the potion and enter Sub Space and warp down the vase to World 7-1[CR][B][B]Cheat:[/B][/B] Hide behind scenery (Super Mario Brothers 3)[CR]Get the first 2 warp whistles [CR](Find a white block and crouch on it for 5 seconds in 1-3, then proceed right to the goal) [CR]2:Enter the World 1 Fortress and reach the first door with Raccoon power (you should see a Dry Bones and a ''?'' block. Now step on Dry Bones and get enough speed to power your flying meter and fly over the level (Lots of A tapping) [CR]then proceed all the way right on the ceiling, and press Up on the d-pad to enter the door and get the chest. [CR]Now use the first Warp Whistle on the map screen to warp to the warp zone. Then while still in the warp zone (without warping) use the 2nd whistle. It will send you to the isolated World 8 Pipe.  [CR]Using a warp whistle to get to the warp zone then using another whistle in the warp zone itself takes you to level 8 no matter where you are. [CR]You can also reach World 8 by using the warp whistle in World 7 once.[CR][B][B]Cheat:[/B][/B] Hide behind scenery (Super Mario Brothers 3)[CR]At the end of the game, when Bowser uses his jump attack on you, duck if you are big Mario, or stay still if you are small Mario. Bowser will break the bricks, but he won't hurt you. If you are small Mario, you can run right through Bowser and not get hurt.[CR][B][B]Cheat:[/B][/B] Hide behind scenery (Super Mario Brothers 3)[CR]In other words, Bowser's lower half is harmless, but his upper half can still hurt you.[CR][B][B]Cheat:[/B][/B] Hide behind scenery (Super Mario Brothers 3)[CR]Complete levels until you get to toads mushroom house, where you get to open a chest for an item. Get the item, save and exit. Now reload the file and the levels you finished will still be completed but toads house will be back so you can get the item again! :D Repeat until you have as many as you need. Also this works for the extra lives slot and the memory card game houses too.[CR][B][B]Cheat:[/B][/B] Hide behind scenery (Super Mario Brothers 3)[CR]To turn a wandering hammer brother (the ones that walk about on the world map) into a white ship full of coins, collect a number of coins that is a multiple of 11. Make the tens digit in your score match the multiple of 11. Stop the timer at the end of the stage that you are playing in on an even number.[CR][B][B]Cheat:[/B][/B] Hide behind scenery (Super Mario Brothers 3)[CR]One combination would be: 11 coins, 9,310 as your score, and the timer at 104. This only works in worlds 1, 3, 5, and 6.[CR][B][B]Cheat:[/B][/B] Hide behind scenery (Super Mario Brothers 3)[CR]Make sure you're Fire Mario/Luigi when you reach Bowser. Blast him with fireballs, but don't grab the axe just yet. Instead, wait the timer out, but make sure you're next to the axe when there's about 50 seconds left. Now get ready and time your jump on the axe so the Timer reads '000'. Once you reach Toad and the game adds the Timer to your score, you may notice that it changed from '000' to '999'. Thus the game thinks you finished with '1000' on the Timer and times that by 5.   Note: this does not work on the Original NES version of the game.[CR][B][B]Cheat:[/B][/B] Hide behind scenery (Super Mario Brothers 3)[CR]To get the N-Spade card game to appear on the World Map. You must do gain 80,000 points as one player, and successfully beat the stage that you broke the 80,000 points with.[CR][B][B]Cheat:[/B][/B] Hide behind scenery (Super Mario Brothers 3)[CR][B]Level 1-3[/B][CR]Find the white block near the end and crouch on to of it for 5 seconds. Then proceed to the goal, and go behind it. You will find a Mushroom house with a Whistle.[CR][B][B]Cheat:[/B][/B] Hide behind scenery (Super Mario Brothers 3)[CR][B]Level 1 Fortress[/B][CR]Fly over the top of the level when you find the first door with your raccoon powers, and find a hidden door at the far right on the ceiling. It leads to a warp whistle[CR][B][B]Cheat:[/B][/B] Hide behind scenery (Super Mario Brothers 3)[CR][B]Level 2 Hammer Brother[/B][CR]Get the Hammer from one of the Hammer Brothers here and use it to destroy the rock at the upper right corner of the Level 2 Map. Then engage the hammer brother on the other side. You should get a chest with a Warp Whistle.[CR][B][B]Cheat:[/B][/B] Hide behind scenery (Super Mario Brothers 3)[CR]To warp to Worlds 2, 3,or 4 during World 1-2, go to the end where the 2 platforms are rising, get on the first platform, and use it to jump onto the highest structure in the middle, then jump on the next rising platform, but this time, when it reaches the top, jump onto the TOP of the level. Walk foward and drop down the small jump, and you can now warp to Worlds 2, 3, or 4 by going down the desired tube, and pressing down.[CR][B][B]Cheat:[/B][/B] Hide behind scenery (Super Mario Brothers 3)[CR]To warp to World 6,7 or 8 during World 4-2, go to the place where three blocks are can be seen (where a pipe can also be seen). Jump below the third block where you can reveal a secret block but be careful on jumping below the 1st block because you can't break it thus going to the secret warp world unless you are a small Mario. Then step on to it and break the 2nd and the 3rd block. After you have done this, go down, then jump again below the second block now (it should have been broken now). The position of the two revealed blocks must be a stair from right to left. Anyway, step on to the 2nd block then braek the 1st block and there you can see the vine going up. Climb until you reach the day light again. Get some coins if you wish and you can now see three pipes like in the secret warp Worlds 2,3 and 4. Go down your desired pipe.[CR][B][B]Cheat:[/B][/B] Hide behind scenery (Super Mario Brothers 3)[CR]At the very end place of world 4-2 (where you can see the pipe going to the flag) jump on the long pipe and break the brick above it and go through the end and you can see the pipe going to the World 5.[CR][B][B]Cheat:[/B][/B] Hide behind scenery (Super Mario Brothers 3)[CR]In Super Mario Brothers: Lost Levels, if you complete the game without warping, (Going through worlds 1-8, AND world 9), then you will move on to 4 secret special worlds. Worlds A, B, C, and D.[CR][B][B]Cheat:[/B][/B] [CR]To access this warp, you must be Super or Fiery Mario. Go to the pipe at the end of the level and jump on top of it. Jump up and break the block over top of the part of the pipe farthest left. Then, position Mario on the edge of the pipe, with one foot hanging off the edge. Duck, then jump backwards as far right as possible.  If done just right, Mario will slide through the pipe and the bricks. Walk over to the warp zone area and enter the middle pipe. This pipe will take you to world 5, level 1. The same area can be acessed from a pipe in the same place in 4-2. However, this is meant to be a warp zone to 5-1, whereas the 1-2 warp to 5-1 is a glitch. After completing the jump trick in level 1-2, you can also go down either of the other two pipes, both of which will take you to Minus World -1. [CR][B][B]Cheat:[/B][/B] [CR]This only works with mushrooms and fire flowers. Reveal a power up from under any block which contains one. Now jump onto the power up and release the A button. As Mario is transitioning to the next power up, hold down the A button, and Mario will jump in mid-air![CR][B][B]Cheat:[/B][/B] [CR]Go to either 1-4, 2-4,3-4, etc. and get to Bowser. Make sure you are Big Mario and try to jump over Bowser or run under him. Stand near the Axe and Bowser will start to walk towards you. As he gets near you, jump high, and touch Bowser and the Axe at the same time. If you do it correctly, you will hear the sound as if you were to shrink, but you will just flash and stay big.  Go to the next stage, and get a Mushroom. (Yes, there will be a Mushroom instead of a Fire Flower.) When you touch the Mushroom, you will shrink. Then get a Fire Flower, and you'll have Fire Power as small Mario. (Note: after you do the Bowser/Axe trick, enemies that touch you will be able to kill you when you are Big Mario. When they touch you while you are small Mario after getting the Mushroom or Fire Flower, you will turn back into Big Mario.) [CR][B][B]Cheat:[/B][/B] [CR]This glitch only works in the castle levels where you fight Bowser at the end - for example, World 1-4, 2-4, 3-4, and so on. It is best to defeat Bowser with Fire Mario or Fire Luigi beforehand, as you must wait out most of the timer to execute this glitch. At the end of the castle levels, there is an axe which you must touch to end the level. If you time your jump correctly (a full jump as the timer goes from 002 to 001 often works) and land on the axe while the timer reads \\\"000\\\", you'll continue as normal to the usual sequence at the end of the castle. However, your timer bonus (50 points per second remaining) will be calculated as if you had 999 seconds, not zero, left on the clock. This allows for an easy 49,950 point boost! Note that this glitch, if executed on levels using a flagpole, will prevent you from earning the bonus in that level.[CR][B][B]Cheat:[/B][/B] [CR]Get to world 3-1, and become Super Mario. At the end of the level, by the staircase before the end flag, you will see two turtles coming down the stairs. Jumping over the first one and then jumping on the second one should cause it to hit the star and bounce back. From here, jump on it and keep yourself off the ground for unlimited 1-ups.[CR][B][B]Cheat:[/B][/B] [CR]After beating the game, if you do not turn off the console, you will return to the title screen. There, you can press the B Button to start as desired in World 1, 2, 3, 4, 5, 6, 7, or 8.[CR][B][B]Cheat:[/B][/B] [CR]If you just walk along the sea floor, Bloopers will never be able to kill you because they are forced back up just before they hit the floor(or you).[CR][B][B]Cheat:[/B][/B] [CR]If you run out of lives and want to continue then at the game over screen press and hold A then press start at 1 player (or 2 player) and you will start at the beginning of the world at which you died![CR][B][B]Cheat:[/B][/B] [CR]To warp to Worlds 2, 3,or 4 during World 1-2, go to the end where the 2 platforms are rising, get on the first platform, and use it to jump onto the highest structure in the middle, then jump on the next rising platform, but this time, when it reaches the top, jump onto the TOP of the level. Walk foward and drop down the small jump, and you can now warp to Worlds 2, 3, or 4 by going down the desired tube, and pressing down.[CR][B][B]Cheat:[/B][/B] [CR]To warp to World 6,7 or 8 during World 4-2, go to the place where three blocks are can be seen (where a pipe can also be seen). Jump below the third block where you can reveal a secret block but be careful on jumping below the 1st block because you can't break it thus going to the secret warp world unless you are a small Mario. Then step on to it and break the 2nd and the 3rd block. After you have done this, go down, then jump again below the second block now (it should have been broken now). The position of the two revealed blocks must be a stair from right to left. Anyway, step on to the 2nd block then braek the 1st block and there you can see the vine going up. Climb until you reach the day light again. Get some coins if you wish and you can now see three pipes like in the secret warp Worlds 2,3 and 4. Go down your desired pipe. [CR][B][B]Cheat:[/B][/B] [CR]This is a pretty commonly known secret. If you touch the flagpole of any level with either 1, 3, or 6 seconds left on the ones place of the timer, you will get that amount of fireworks. For example, if you touch the flagpole with 126 seconds left on the time, you will get six fireworks! [CR][B][B]Cheat:[/B][/B] [CR]Well this secret is so easy. At the very end place of world 4-2 (where you can see the pipe going to the flag) jump on the long pipe and break the brick above it and go through the end and you can see the pipe going to the World 5.[CR][B][B]Cheat:[/B][/B] [CR]While playing, pause the game, hold Up, B & A on controller 2 and unpause.[CR][B][B]Cheat:[/B][/B] [CR]Method 1:[CR]Use any character and run right toward an enemy at full speed. Just a split second before you think you're about to get hit, jump! With good timing you'll be able to jump yet again in midair! [CR][B][B]Cheat:[/B][/B] [CR]Method 2:[CR]This is yet another way to jump in midair. Stand on the ground while you have 3 or 4 life units and let an enemy run right into you. You'll lose a life unit, but you'll be able to jump in mid-air.[CR][B][B]Cheat:[/B][/B] [CR]This is most easily performed in World 1-1. Grab a POW block, and carry it to the set of logs. Wait for a log to bog over the waterfall, then throw the POW block so that it hits solid ground. For some odd reason, this will cause the log to fly high into the air. Strange, eh?[CR][B][B]Cheat:[/B][/B] [CR]Go to world 1-3 and find a potion. Now find the vase next to the brick building all the way to the right side of the level. Drop the potion and go into Sub-Space and then warp into the vase (stand on top of it and press down) You will warp to World 4![CR][B][B]Cheat:[/B][/B] [CR]Go to world 3-1 and go through the door to the large waterfall with all the clouds. Now jump down and land on the platform in the center and enter. Take the potion and drop it near the vase. Enter Sub-space and warp through the vase (press down on the vase) You will warp to World 5![CR][B][B]Cheat:[/B][/B] [CR]Go to world 4-2 and get the potion. Now find the vase and put the sub-space door next to it (drop it from atop the vase) Now enter sub-space and warp. You now warped to World 6[CR][B][B]Cheat:[/B][/B] [CR]Go to world 5-3 and get the potion (make sure you can squat-jump to the vase, you need to get someone with a good jumping ability or use an enemy to give you a boost.) [CR]Put the sub space door near the vase and enter sub space and warp into the vase. You are now in world 7![CR][B][B]Cheat:[/B][/B] [CR]When fighting Bowser in the final level of the game, his lower half will not do damage to you. That means you can avoid damage from his ground-pound attack by ducking if you have obtained a power-up at some point, or, if Small Mario, you can walk under him and through him without sustaining damage![CR][B][B]Cheat:[/B][/B] [CR]In the game, you need to wait until the N-Spade card game - which appears with every 80,000 points you earn - spawns and moves to the spot of a fortress on the overworld map. If you go there now and play it, the fortress will as if you had beaten it afterwards, being collapsed and unplayable. Note, however, that the bridges and locks affected by defeating the fortress normally will still not unlock or reappear, so only do this when these things are not required.[CR][B][B]Cheat:[/B][/B] [CR]In World 3-4, about halfway through the level, you'll slide down a long hill to get on another long hill which has some Koopas on it. Take one of their shells further to the right. As the Lakitu appears above, return back to the left. There are two ? Blocks, with a pipe and some bricks between them and wood blocks on the ground. Let the Koopa shell begin bouncing between the wooden blocks and on-screen. The Lakitu's Spinies will almost always launch or crawl down to be killed by the shell; the shell will subsequently rack up more points and lives as time goes on and more Spinies are added.[CR][B][B]Cheat:[/B][/B] [CR]When you come across a Kuribo's Shoe, make sure that you have a Tanooki Suit equipped. Just before you jump into the Shoe, transform into a statue. Mario will turn gray and enemies will be unable to touch him.[CR][B][B]Cheat:[/B][/B] [CR]In this game, when you normally jump on enemies in sequence without touching the ground, the points you earn will increase from 100, to 200, to 400, to 800, to 1,000, netting a 1-Up on the sixth sequential jump and all those after. However, if your fifth (the one after 800 points) jump lands on either a Lakitu or Boomerang Bro., you'll begin getting 1-Ups right then! This glitch was fixed in Super Mario All-Stars.[CR][B][B]Cheat:[/B][/B] [CR]At the start of World 7-1, there is a doorway you're meant to go through. Instead of doing that, run at it and jump at its top-right corner. If done with ample acceleration (and sometimes crouching just before jumping - that can help) you can glitch into the wall and skip the majority of the level.[CR][B][B]Cheat:[/B][/B] [CR]Whenever you find a white block (such as the one in 1-3 that leads to the Whistle), stand on it and hold Down until you go through it. Then enter a pipe. In most cases, once on the other side, you'll be unable to be hurt by enemies for the remainder of the level (although sometimes also invisible).[CR][B][B]Cheat:[/B][/B] [CR]In World 3's first fortress (just after 3-3), there are several doors you're meant to go through in the level, guessing which is the correct one. If you enter a door and it's wrong, you can immediately press Up before falling to go back through the door. Further, doing this on the third and fourth doors will warp you, instead of to the gray pipe like the other doors, straight to the boss room.[CR][B][B]Cheat:[/B][/B] [CR]Complete the game and watch the ending. Now start a new game. You got 28 P-Wings! [CR][B][B]Cheat:[/B][/B] [CR]Note, however, that this will not work on the Japanese versions of the game, where you simply stay at the ending screen until you turn off the console.[CR][B][B]Cheat:[/B][/B] [CR]In Bowsers castle at the end of the game, it is possible to make it so he DOES NOT SPIT FIRE AT YOU.  This trick is easy and only requires getting to world 8 with a P-wing.  First off, use your P-wing on the map before entering the Final Castle.  YOU MUST GET TO BOWSER INTACT.  If you get to the Bowser fight room and the Bricks that he smashes through are not flush with the rest of the floor, then you are in the wrong room.  Now, when you reach Bowsers room, FLY straight up and to the left.  You will be able to walk on a wall above the screen.  Drop down on the other side. You will be in another room to Fight Bowser in.  When you drop, you will be on a door that opens to the princess.  Ignore this room and DO NOT GO TOO FAR TO THE LEFT.  If you do, you will have to fight Bowser and he will still have his Fire Balls. Fly back over the wall to the first room you were in and start the Bowser fight.  He will still throw his head back and make the sound of spitting fire, but nothing will come out.   ;)[CR][B][B]Cheat:[/B][/B] [CR]Get to World 1-2 as Raccoon Mario, with the tail. Climb the hill at the beginning and jump over the horizontal pipe. Stand there for a bit and a whole bunch of Goombas will start walking out of the pipe. Wait for 2-3 of them to come out of the pipe, then jump ontop of one and HOLD A to fly high into the air. Now that you are in the air, use your tail to slowly glide down from the air. On you landing, be sure to land on a second Goomba. Repeat this process for as long as you can. Eventually, the points you get for hitting each Goomba will turn into extra lives. This can be done for as long as you desire to do so. [CR]This can also be done in 2-Fortress, and 7-5, but it is most notably done in 1-2. [CR][B][B]Cheat:[/B][/B] [CR]To ''hide'' behind scenery, simply hold down for a couple seconds while standing on a white block. Then your player can ''hide'' behind scenery for about thirty seconds.[CR][B][B]Cheat:[/B][/B] [CR]To turn a wandering hammer brother (the ones that walk about on the world map) into a white ship full of coins, collect a number of coins that is a multiple of 11.  Make the tens digit in your score match the multiple of 11.  Stop the timer at the end of the stage that you are playing in on an even number.  [CR][B][B]Cheat:[/B][/B] [CR]One combination would be:  11 coins, 9,310 as your score, and the timer at 104.  This only works in worlds 1, 3, 5, and 6.[CR][B][B]Cheat:[/B][/B] [CR]Get through an airship and defeat the boss as a frog, Hammer Mario, or Tannooki, and you'll receive a letter from the King that reads a little differently.[CR][B][B]Cheat:[/B][/B] [CR]To get the N-Spade card game to appear on the World Map. You must do gain 80,000 points as one player, and successfully beat the stage that you broke the 80,000 points with. [CR][B][B]Cheat:[/B][/B] [CR]You could just use the warp whistle at level 7... [CR]If you want to go straight to level 8, you must use a Warp Whistle to proceed to the Warp Zone, then use another warp whistle IN THE WARP ZONE. You will be transported to the level 8 pipe at the bottom of the screen.[CR][B][B]Cheat:[/B][/B] [CR]These secret items will allow you to warp. Here are their locations. [CR][B]Level 1-3[/B] [CR]Find the white block near the end and crouch on to of it for 5 seconds. Then proceed to the goal, and go behind it. You will find a Mushroom house with a Whistle. [CR][B]Level 1 Fortress[/B] [CR]Fly over the top of the level when you find the first door with your raccoon powers, and find a hidden door at the far right on the ceiling. It leads to a warp whistle [CR][B]Level 2 Hammer Brother[/B] [CR]Get the Hammer from one of the Hammer Brothers here and use it to destroy the rock at the upper right corner of the Level 2 Map. Then engage the hammer brother on the other side. You should get a chest with a Warp Whistle.[CR][B][B]Cheat:[/B][/B] [CR]If you get enough coins in a certain course, you can get a White Mushroom House! [CR]A White Mushroom House in worlds 1,3,5,7 have P Wings [CR]A White Mushroom House in worlds 2,4,6 have Anchors [CR]Levels and required coins: [CR]1-4 (44 coins) [CR]2-2 (30 coins) [CR]3-8 (42? coins) [CR]4-2 (22 coins) [CR]5-5 (28 coins) [CR]6-7 (78 coins) [CR]7-2 (42? coins)[CR][B][B]Cheat:[/B][/B] [CR]In 8-4, as you approach the end, you'll cross a pit of lava guarded by two Parakoopas before entering a pipe. This pipe leads to a flat area (except for a dip and a pipe). Past said dip and pipe, you'll find the first Bowser, a fake one that is nonetheless difficult to beat because you cannot instantly kill him with the axe like normal - you must either dodge him, or kill him with Fire Flower fireballs. If you cannot (or do not want to), approach the gap just after the pipe while dashing at full speed - do not jump over the gap. You will run into the wall by doing so. Hold Right on the D-Pad for a while until the first fake Bowser is on-screen (you do so because the camera will not scroll otherwise). When he is about one-third of the way across the screen, you can then just hold Down and you'll automatically scroll past him, still stuck in the wall, although the camera is not scrolling. Once past him, you are free to continue on - you are not required to defeat this Bowser.[CR][B][B]Cheat:[/B][/B] [CR]In World 1-1, go right until you see a Red Koopa boxed in by some bricks. Hit the second brick on the bottom and obtain the Mushroom from it. Then break the third brick and either the leftmost or rightmost one, trapping the Red Koopa on a single brick. You can then stomp on it, and then on its shell like in the original Super Mario Bros.'s infinite-lives trick, infinitely bouncing it back on the wall before you can touch the ground.[CR][B][B]Cheat:[/B][/B] [CR]This glitch only works in the castle levels where you fight Bowser at the end - for example, World 1-4, 2-4, 3-4, and so on. It is best to defeat Bowser with Fire Mario or Fire Luigi beforehand, as you must wait out most of the timer to execute this glitch. At the end of the castle levels, there is an axe which you must touch to end the level. If you time your jump correctly (a full jump as the timer goes from 002 to 001 often works) and land on the axe while the timer reads \\\"000\\\", you'll continue as normal to the usual sequence at the end of the castle. However, your timer bonus (50 points per second remaining) will be calculated as if you had 999 seconds, not zero, left on the clock. This allows for an easy 49,950 point boost! Note that this glitch, if executed on levels using a flagpole, will prevent you from earning the bonus in that level.[CR][B][B]Cheat:[/B][/B] [CR]Before you touch the flag at the end of a level, make sure your coin total is a multiple of 11. (00,11,22,33,44,55,66,77,88 or 99). Touch the flag when the last digit of your remaining time is the same digit as your coin total and you'll receive a 1-Up.[CR](For example, 55 coins and 275 time left, or 11 coins and 081 time left) [CR][B][B]Cheat:[/B][/B] [CR]To warp back to World 1, you must be in World 3-1. Near the end of the stage, jump onto the spring and fly over the flagpole. When you land, run forwards, and you'll find the warp pipe that takes you back to World 1.[CR][B][B]Cheat:[/B][/B] [CR]When you're in World 1-2, jump onto the bricks at the top. Run forwards, and you'll go past the pipe to exit the stage. Keep running, and soon enough, you'll find the warp pipe that takes you to World 2.[CR][B][B]Cheat:[/B][/B] [CR]To warp to world 3, you must be in World 1-2. When you reach an area where there is a pipe, a few bricks, and a Steel-Shelled Koopa, hit the first brick on the left. A beanstalk will pop out. Climb up the beanstalk, and at the top, run forwards until you reach the warp pipe that takes you to World 3.[CR][B][B]Cheat:[/B][/B] [CR]To Warp to World 4 you must be in World 1-2.  When you get to the moving platforms jump onto the platform.  While on the platform get a running start then jump to the to the small brick ceiling then jump again to the next brick ceiling.  Keep going until you see 2 pipes.  Go down the pipe that's on the far left.  You will be led to a secret area with lava.  Make sure that Mario or Luigi is small.  Run under the small lava pit that's positioned under a brick wall.  After you make it under the lava pit keep going until you see a pipe.  Don't go down the pipe.  Instead, search for a secret coin block that's located one space to the left of the lava pit.  Then get on the coin block and look for a coin block that's  located one space to the right of the coin block that you are on.  Jump on next coin block and jump up to brick wall ceiling.  You should find a Warp Zone that leads to World 4. [CR][B][B]Cheat:[/B][/B] [CR]To Warp to World 5 you must be in World 8-1.  After you pass the 3rd Hammer Bro go down the next pipe you see that points upwards.  You will be led to a secret water area.  Collect the coins and exit.  When you exit you will end up outside.  Go up the stairs and you will see a pipe that leads you back to World 5.[CR][B][B]Cheat:[/B][/B] [CR]You must be at least Super Mario to do this. Near the end of World 5-1, when you see two rows of floating bricks past two Red Paratroopas, hit the rightmost brick of the top row to release a vine. Smash the brick next to it, and then climb the vine. After going through the small bonus area, you will be dropped off on a pipe right next to a Warp Zone that takes you to World Six.[CR][B][B]Cheat:[/B][/B] [CR]Near the end of world 5-2, when you encounter the trio of tiny elevators, try to go as high as you can, so you can jump off the last elevator and reach the top of the ceiling. Continue to run right, making sure to jump when the ceiling ends, and you will eventually reach the Warp Zone for World 7.[CR][B][B]Cheat:[/B][/B] [CR]In World A-2, about halfway through the underground part of the level, you'll find a set of staircase-like blocks. You can break through the blocks above them and get on the upper portion of the area. From there, you can run and jump heading right and past the warp pipe heading outside - this takes you to a World B warp zone.[CR][B][B]Cheat:[/B][/B] [CR]When you are in World A-3, use the spring to get over the flagpole at the end of the stage. From there, run forwards until you reach a pipe. It takes you to World C.[CR][B][B]Cheat:[/B][/B] [CR]In World B-4, go to the very last pipe in the level (it's next to a lava pit). Jump in the pipe and you will be taken to a Warp Zone area that will lead to World D.[CR][B][B]Cheat:[/B][/B] [CR]In world 5-2, when you reach the three elevators, hop on the first one and use it to hit the brick immediately left of the elevator. Climb the vine that sprouts from the brick and travel through the small bonus area to reach the Warp Zone that'll take you to World 8.\", \"gamefaqs_url\": \"https://www.gamefaqs.com/snes/588737-super-mario-all-stars\", \"@name\": \"Super Mario Collection (Japan) (Rev 1)\", \"wiki_url\": \"https://en.wikipedia.org/wiki/Super_Mario_All-Stars\", \"nplayers\": \"1-2 Alt\", \"videoid\": \"8p5gGGJW8_A\", \"mobygames_url\": \"https://www.mobygames.com/game/snes/bs-super-mario-collection\", \"snapshot10\": \"AYOVqBo.jpg\", \"banner1\": \"J1HBGjG.png\", \"fanart1\": \"5Lo9GMI.jpg\", \"fanart2\": \"Re47cYt.jpg\", \"snapshot9\": \"YdRhzYp.jpg\", \"description\": \"Super Mario Collection (Japan) (Rev 1)\", \"snapshot5\": \"bkIztTR.jpg\", \"snapshot4\": \"M1DnJEK.jpg\", \"snapshot7\": \"Jki1V7P.jpg\", \"snapshot6\": \"QQxYxFJ.jpg\", \"snapshot1\": \"QTMmd9O.jpg\", \"snapshot3\": \"lv1zKAM.jpg\", \"snapshot2\": \"Uhi6yv6.jpg\", \"thegamesdb_id\": \"2093\", \"studio\": \"Nintendo\", \"genre\": \"Miscellaneous, Compilation\", \"boxart1\": \"CxMgRGe.jpg\", \"boxart2\": \"fsD54kD.jpg\", \"releasedate\": \"20/8/1993\", \"title_clean\": \"Super Mario Collection\"}}", "tag": "Japan", "groups": null}}]