<?xml version='1.0' encoding='UTF-8'?>
<addon id="skin.ctouch"  version="3.4.3" name="Cristal Touch" provider-name="STVA">
	<requires>
		<import addon="resource.language.es_es" version="0.0.0"/>		
	</requires>
	<extension debugging="false" effectslowdown="1" point="xbmc.gui.skin">
		<res aspect="16:9" default="true" folder="xml" height="1080" width="1920" />
	</extension>
	<extension point="xbmc.addon.metadata">
		<summary lang="es_ES">Skin para Kodi y Forks. Compatible con Kodi Matrix y Nexus</summary>
		<summary lang="en_GB">Skin para Kodi y Forks. Compatible con Kodi Matrix y Nexus</summary>				
		<description lang="es_ES">Cristal Touch es un mod del skin AppTV realizado por STVA.[CR]Funciona perfectamente en dispositivos táctiles, pc/portátil, SmartTV o TV Box y raspberrys o similares[CR]Fácil personalización de los items del Inicio desde el menú contextual</description>
		<description lang="en_GB">Cristal Touch es un mod del skin AppTV realizado por STVA.[CR]Funciona perfectamente en dispositivos táctiles, pc/portátil, SmartTV o TV Box y raspberrys o similares[CR]Fácil personalización de los items del Inicio desde el menú contextual</description>		
		<disclaimer lang="en_GB">Para dudas, preguntas o sugerencias [CR]Telegram: t.me/stvabuild[CR]Web y Foro: stva.es</disclaimer>
		<disclaimer lang="es_ES">Para dudas, preguntas o sugerencias [CR]Telegram: t.me/stvabuild[CR]Web y Foro: stva.es</disclaimer>		
		<platform>all</platform>
		<license></license>
		<website />
		<email />
		<news>Versión 3.5 - /8/23
- Eliminado addon Winner del Skin, ya no funciona
- Modificado estética del primer inicio
- Eliminado complemento stva del primer inicio
- Añadidos addons Horus y DuffYou al primer inicio
- Cambiado fondo de la ventana de Addons
- Cambiada estética de Ajustes de Skin
- Solucionado error que mostraba la última búsqueda al usar el mismo buscador
- Cambiado item Winner por 'lista Tebas' de Deportes Cristal
- Reparado item 'Repeticiones deportivas'
- Añadido enlace 'Canales' al item Repeticiones deportivas
- Ahora el botón pausa es el foco por defecto
- Eliminada foco blanco de la barra de progreso del reproductor
- El OSD ahora se auto oculta tras 5 segundos de inactividad
- Cambiada Fuente de texto del skin
- Añadido a Ajustes de Kodi botón de Libreelec
- Ahora al pulsar hacia la izquierda en el Inicio Widgets se hace focus en los items
- Cambiada opción Log de Ajustes por el visor de log del Complemento STVA
- Otras correcciones menores</news>
		<assets>
			<icon>icon.png</icon>
			<fanart>fanart.jpg</fanart>
			<screenshot>resources/screenshot001.jpg</screenshot>
			<screenshot>resources/screenshot002.jpg</screenshot>
			<screenshot>resources/screenshot003.jpg</screenshot>
			<screenshot>resources/screenshot004.jpg</screenshot>
			<screenshot>resources/screenshot005.jpg</screenshot>
		</assets>
	</extension>
</addon>