<?xml version="1.0" encoding="UTF-8"?>
<colors>
	<color name="primary_background">FFA74012</color>
	<color name="secondary_background">33BDAE12</color>
	<color name="dialog_tint">FF2B2621</color>
	<color name="background">FF000000</color>
	<color name="bg_image">FF909090</color>
	<color name="bg_overlay">30FFFFFF</color>
	<color name="black">FF000000</color>
	<color name="white">FFF0F0F0</color>
	<color name="grey">FFA0A0A0</color>
	<color name="blue">FF7ACAFE</color>
	<color name="red">FFCE4421</color>
	<color name="button_focus">FFFF9800</color>
	<color name="gradient_focus">FF4d2e01</color>
	<color name="text_shadow">22000000</color>
	<color name="border_alpha">60FFFFFF</color>
	<color name="disabled">40FFFFFF</color>
	<color name="selected">FFFFF100</color>
	<color name="invalid">FFFF0000</color>
</colors>
