{
    "settings": {
        "LIBTORRENT_in_use": false,
        "black_list": false,
        "bt_buffer": "50",
        "bt_download_path": "C:\\Users\\HP\\AppData\\Roaming\\Kodi\\userdata\\addon_data\\plugin.video.alfa\\downloads",
        "capture_thru_browser_path": "",
        "favorites_servers_list": 0,
        "libtorrent_error": "",
        "libtorrent_msg": "OK",
        "libtorrent_path": "",
        "libtorrent_version": "ERROR/UNSUPPORTED",
        "magnet2torrent": false,
        "mct_background_download": true,
        "mct_buffer": "50",
        "mct_download_limit": "",
        "mct_download_path": "C:\\Users\\HP\\AppData\\Roaming\\Kodi\\userdata\\addon_data\\plugin.video.alfa\\downloads",
        "mct_rar_unpack": true,
        "torrent_client": 3,
        "unrar_device": "windows",
        "unrar_path": "C:\\Users\\AdM\\AppData\\Roaming\\Kodi\\userdata\\addon_data\\plugin.video.alfa\\bin\\unrar.exe"
    }
}