<?xml version='1.0' encoding='UTF-8'?>
<shortcuts>
    <shortcut>
        <label>427</label>
        <label2>Common Shortcut</label2>
        <defaultID>disc</defaultID>
        <icon>icons/sidemenu/disc.png</icon>
        <action>PlayDisc</action>
        <visible>System.HasMediaDVD</visible>
    </shortcut>
    <shortcut>
        <label>20343</label>
        <label2>Common Shortcut</label2>
        <defaultID>tvshows</defaultID>
        <icon>icons/sidemenu/tv.png</icon>
        <action>ActivateWindow(Videos,videodb://tvshows/titles/,return)</action>
        <visible>Library.HasContent(tvshows) + !Skin.HasSetting(hide_tvshowscategory)</visible>
    </shortcut>
    <shortcut>
        <label>20343</label>
        <label2>Common Shortcut</label2>
        <defaultID>tvshows</defaultID>
        <icon>icons/sidemenu/tv.png</icon>
        <action>ActivateWindow(Videos,videodb://tvshows/,return)</action>
        <visible>Library.HasContent(tvshows) + Skin.HasSetting(hide_tvshowscategory)</visible>
    </shortcut>
    <shortcut>
        <label>20343</label>
        <label2>Common Shortcut</label2>
        <defaultID>tvshows</defaultID>
        <icon>icons/sidemenu/tv.png</icon>
        <action>ActivateWindow(Videos,sources://video/,return)</action>
        <visible>!Library.HasContent(tvshows)</visible>
    </shortcut>
    <shortcut>
        <label>342</label>
        <label2>Common Shortcut</label2>
        <defaultID>movies</defaultID>
        <icon>icons/sidemenu/movies.png</icon>
        <action>ActivateWindow(Videos,videodb://movies/titles/,return)</action>
        <visible>Library.HasContent(movies) + !Skin.HasSetting(hide_moviescategory)</visible>
    </shortcut>
    <shortcut>
        <label>342</label>
        <label2>Common Shortcut</label2>
        <defaultID>movies</defaultID>
        <icon>icons/sidemenu/movies.png</icon>
        <action>ActivateWindow(Videos,videodb://movies/,return)</action>
        <visible>Library.HasContent(movies) + Skin.HasSetting(hide_moviescategory)</visible>
    </shortcut>
    <shortcut>
        <label>342</label>
        <label2>Common Shortcut</label2>
        <defaultID>movies</defaultID>
        <icon>icons/sidemenu/movies.png</icon>
        <action>ActivateWindow(Videos,sources://video/,return)</action>
        <visible>!Library.HasContent(movies)</visible>
    </shortcut>
    <shortcut>
        <label>19020</label>
        <label2>Common Shortcut</label2>
        <defaultID>livetv</defaultID>
        <icon>icons/sidemenu/livetv.png</icon>
		<action>ActivateWindow(Videos,"plugin://plugin.video.cristalazul/?fanart=https%3a%2f%2fi.imgur.com%2fbg6n3AV.png&amp;mode=1&amp;name=%5bCOLOR%20white%5dTV%20PREMIUM%5b%2fCOLOR%5d&amp;regexs=%7bu%27final%27%3a%20%7b%27expres%27%3a%20u%22%23%24pyFunction%5cndef%20GetLSProData(page_data%2cCookie_Jar%2cm)%3a%5cn%20import%20xbmc%2c%20xbmcaddon%2c%20xbmcgui%5cn%20if%20%27.%27%20in%20%27%24doregex%5bincompatible%5d%27%3a%5cn%20%20%20%20%20dialog%20%3d%20xbmcgui.Dialog()%5cn%20%20%20%20%20dialog.textviewer(%27%5bB%5d%5bCOLOR%20yellow%5dAVISO%20IMPORTANTE%20PARA%20TODOS%20LOS%20USUARIOS!%5b%2fCOLOR%5d%5b%2fB%5d%27%2c%20%27%5bB%5d%5bLOWERCASE%5d%5bCAPITALIZE%5d%5bCOLOR%20white%5dDespues%20de%20comprobar%20que%20el%20Addon%20%5bCOLOR%20gold%5dArmaguedon%20%5c%5cn%5bCOLOR%20white%5dsigue%20copiando%20el%20trabajo%20de%20otros%20addons%2c%20%5bCOLOR%20gold%5dCristal%20Azul%20%20y%20Tvchopo%20%5bCOLOR%20white%5dente%20otros%2c%20%5c%5cnnos%20vemos%20en%20la%20obligacion%20%20de%20hacer%20nuestros%20addons%20INCOMPATIBLES%20con%20el%20suyo.%20%5c%5cnEsto%20quiere%20decir%20que%20Armageddon%20%20no%20puede%20convivir%20en%20un%20mismo%20%5c%5cnkodi%20ni%20con%20Cristal%20azul%20ni%20Tvchopo%20%5c%5cnSentimos%20las%20molestias%20que%20esto%20pueda%20ocasionar%20a%20los%20usuarios%2c%5c%5cnpero%20esto%20ya%20es%20inadmisible%2c%20son%20muchas%20horas%20invertidas%20para%20que%20alguien%20llegue%20%2c%5c%5cncambie%202%20fotos%20y%20se%20apropie%20del%20trabajo%20de%20los%20demas.%5c%5cnCada%20uno%20que%20decida%20que%20usar%20%2csois%20libres%5c%5cnpero%20armageddon%20sera%20incompatible%20con%20los%20otros%202.%5c%5cnPara%20no%20tener%20conflicto%20Nos%20posicionamos%20sobre%20el%20%20addon%5c%5cnque%20queramos%20desinstalar%20Pulsacion%20larga%20sobre%20el%5c%5cnInformacion%20Desinstalar%5c%5cnSi%20elegiis%20Armageddon%20desintalad%20los%20otros%202%5c%5cnSi%20elegiis%20Tvchopo%20o%20Cristal%20Azul%20desinstalad%20armageddon%5b%2fCOLOR%5d%5b%2fCAPITALIZE%5d%5b%2fLOWERCASE%5d%5b%2fB%5d%20%27)%5cn%20else%3a%5cn%20%20%20%20%20return%20%27%24doregex%5bcomecristal%5d%27%5cn%22%2c%20%27name%27%3a%20u%27final%27%2c%20%27page%27%3a%20None%7d%2c%20u%27incompatible%27%3a%20%7b%27expres%27%3a%20u%22%23%24pyFunction%5cndef%20GetLSProData(page_data%2cCookie_Jar%2cm)%3a%5cn%20import%20xbmc%2c%20xbmcaddon%2c%20xbmcgui%5cn%20f4m%20%3d%20xbmcaddon.Addon(%27plugin.video.Armageddon%27)%5cn%20version%20%3d%20%20f4m.getAddonInfo(%27version%27)%5cn%20return%20version%5cn%22%2c%20%27name%27%3a%20u%27incompatible%27%2c%20%27page%27%3a%20None%7d%2c%20u%27comecristal%27%3a%20%7b%27expres%27%3a%20u%27%23%24pyFunction%5cndef%20GetLSProData(page_data%2cCookie_Jar%2cm)%3a%5cn%20%20import%20xbmc%5cn%20%20import%20xbmcaddon%5cn%20%20addon%20%3d%20xbmcaddon.Addon(%5c%27plugin.video.cristalazul%5c%27)%5cn%20%20Url%20%3d%20%5c%27link%5b%3a%3a4%5d%20%2b%20url%5b%3a8%5d%20%2b%20Creditos%5b62%3a%5d%20%3d%20http%3a%2f%2fbit.ly%2fsourcecristalazul%5c%27%5cn%20%20grupotelegram%20%3d%20%5c%27http%3a%2f%2ft.me%2faddonfestaycristal%5c%27%5cn%20%20Creditos%20%3d%20%5c%27el_addon_cristalazul_fue_creado_por_el_grupo_festa_para_el_disfrute_en%20familia%2c%20este_addon_es_completamente_gratuito%2cdisfrute_de_la_seccion_de_tv_premium%2cBK%5c%27%5cn%20%20cristal%20%3d%20%5c%27kv_cristal_azul_para_todos_gratuita_creada_por_picapau_y_lourdes%5c%27%5cn%20%20info%20%3d%20%5c%27trainso.your.Buiid.xml%257%2f%5c%27%5cn%20%20return%20%20grupotelegram%5b%3a7%5d%20%2b%20info%5b%3a%3a4%5d%20%2b%20cristal%5b%3a1%5d%20%2b%20Creditos%5b154%3a%5d%5cndef%20revist_dag(page_data)%3a%5cn%20%20%20final_url%20%3d%20%5c%27%5c%27%5cn%20%20%20if%20%5c%27127.0.0.1%5c%27%20in%20page_data%3a%5cn%20%20%20%20%20%20%20final_url%20%3d%20re_me(page_data%2c%20%5c%27%26ver_t%3d(%5b%5e%26%5d%2b)%26%5c%27)%20%2b%20%5c%27%20live%3dtrue%20timeout%3d15%20playpath%3d%5c%27%20%2b%20re_me(page_data%2c%20%5c%27%5c%5c%5c%5c%3fy%3d(%5ba-zA-Z0-9-_%5c%5c%5c%5c.%40%5d%2b)%5c%27)%5cn%20%5cn%20%20%20if%20re_me(page_data%2c%20%5c%27token%3d(%5b%5e%26%5d%2b)%26%5c%27)%20!%3d%20%5c%27%5c%27%3a%5cn%20%20%20%20%20%20%20final_url%20%3d%20final_url%20%2b%20%5c%27%3ftoken%3d%5c%27%20%2b%20re_me(page_data%2c%20%5c%27token%3d(%5b%5e%26%5d%2b)%26%5c%27)%5cn%20%20%20elif%20re_me(page_data%2c%20%5c%27wmsAuthSign%253D(%5b%5e%25%26%5d%2b)%5c%27)%20!%3d%20%5c%27%5c%27%3a%5cn%20%20%20%20%20%20%20final_url%20%3d%20re_me(page_data%2c%20%5c%27%26ver_t%3d(%5b%5e%26%5d%2b)%26%5c%27)%20%2b%20%5c%27%3fwmsAuthSign%3d%5c%27%20%2b%20re_me(page_data%2c%20%5c%27wmsAuthSign%253D(%5b%5e%25%26%5d%2b)%5c%27)%20%2b%20%5c%27%3d%3d%2fmp4%3a%5c%27%20%2b%20re_me(page_data%2c%20%5c%27%5c%5c%5c%5c%3fy%3d(%5b%5e%26%5d%2b)%26%5c%27)%5cn%20%20%20else%3a%5cn%20%20%20%20%20%20%20final_url%20%3d%20re_me(page_data%2c%20%5c%27HREF%3d%22(%5b%5e%22%5d%2b)%22%5c%27)%5cn%20%5cn%20%20%20if%20%5c%27dag1.asx%5c%27%20in%20final_url%3a%5cn%20%20%20%20%20%20%20return%20get_dag_url(final_url)%5cn%20%5cn%20%20%20if%20%5c%27devinlivefs.fplive.net%5c%27%20not%20in%20final_url%3a%5cn%20%20%20%20%20%20%20final_url%20%3d%20final_url.replace(%5c%27devinlive%5c%27%2c%20%5c%27flive%5c%27)%5cn%20%20%20if%20%5c%27permlivefs.fplive.net%5c%27%20not%20in%20final_url%3a%5cn%20%20%20%20%20%20%20final_url%20%3d%20final_url.replace(%5c%27permlive%5c%27%2c%20%5c%27flive%5c%27)%5cn%20%20%20return%20%5c%27%5c%27%5cn%27%2c%20%27name%27%3a%20u%27comecristal%27%2c%20%27page%27%3a%20None%7d%2c%20u%27distancia%27%3a%20%7b%27expres%27%3a%20u%27%23%24pyFunction%5cnimport%20re%2crequests%2cxbmc%2cxbmcaddon%2cxbmcgui%2cshutil%2curllib2%5cndef%20GetLSProData(page_data%2cCookie_Jar%2cm)%3a%5cn%20%20%20%20%20%20pasta%20%3d%20requests.get(%5c%27http%3a%2f%2fbit.ly%2fcristal_menus_distancia%5c%27%2c%20headers%3d%7b%5c%27User-Agent%5c%27%3a%20%5c%27Mozilla%2f5.0%5c%27%7d).content%5cn%20%20%20%20%20%20return%20re.findall(%5c%27%3d%22(.%2a%3f)%22%5c%27%2c%20pasta)%5b1%5d%5cn%27%2c%20%27name%27%3a%20u%27distancia%27%2c%20%27page%27%3a%20None%7d%7d&amp;url=%24doregex%5bdistancia%5d",return)</action>
 		<visible>System.HasAddon(plugin.video.cristalazul)</visible>
   </shortcut>
    <shortcut>
        <label>31188</label>
        <label2>Common Shortcut</label2>
        <defaultID>sports</defaultID>
        <icon>special://skin/extras/icons/genres/sport.png</icon>
		<action>ActivateWindow(Videos,"plugin://plugin.video.winner",return)</action>
		<visible>System.HasAddon(plugin.video.winner)</visible>
    </shortcut>
    <shortcut>
        <label>24001</label>
        <label2>Common Shortcut</label2>
        <defaultID>addons</defaultID>
        <icon>icons/sidemenu/addons.png</icon>
        <action>ActivateWindow(1100)</action>
    </shortcut>
        <shortcut>
        <label>10134</label>
        <label2>Common Shortcut</label2>
        <defaultID>favorites</defaultID>
        <icon>icons/sidemenu/favourites.png</icon>
        <action>ActivateWindow(favourites)</action>
    </shortcut>
    <shortcut>
        <label>8</label>
        <label2>Common Shortcut</label2>
        <defaultID>weather</defaultID>
        <icon>icons/sidemenu/weather.png</icon>
        <action>ActivateWindow(Weather)</action>
        <visible>!String.IsEmpty(Weather.Plugin)</visible>
    </shortcut>
    <shortcut>
        <label>8</label>
        <label2>Common Shortcut</label2>
        <defaultID>weather</defaultID>
        <icon>icons/sidemenu/weather.png</icon>
        <action>ReplaceWindow(servicesettings,weather)</action>
        <visible>String.IsEmpty(Weather.Plugin)</visible>
    </shortcut>
    <shortcut>
        <label>LibreELEC</label>
        <label2>Common Shortcut</label2>
        <defaultID>libreelec</defaultID>
        <icon>icons/sidemenu/libreelec.png</icon>
        <action>RunAddon(service.libreelec.settings)</action>
        <visible>System.HasAddon(service.libreelec.settings)</visible>
    </shortcut>
    <shortcut>
        <label>CoreELEC</label>
        <label2>Common Shortcut</label2>
        <defaultID>coreelec</defaultID>
        <icon>icons/sidemenu/coreelec.png</icon>
        <action>RunAddon(service.coreelec.settings)</action>
        <visible>System.HasAddon(service.coreelec.settings)</visible>
    </shortcut>
  </shortcuts>
