<?xml version="1.0" encoding="utf-8"?>
<window id="1131">
    <defaultcontrol>308</defaultcontrol>
    <controls>
		<control type="image">
			<centerleft>50%</centerleft>
			<top>0</top>
			<width>256</width>
			<height>256</height>
			<texture background="true">special://skin/resources/icon.png</texture>
			<visible>!Window.isVisible(DialogExtendedProgressBar.xml)</visible>
			<visible>!Window.isVisible(DialogNotification.xml)</visible>
		</control>	
		<control type="group">
			<centerleft>50%</centerleft>
			<top>10</top>
			<width>1740</width>
			<height>100%</height>
			<control type="textbox">
				<top>250</top>
				<shadowcolor>black</shadowcolor>
				<font>font14</font>
				<align>center</align>
				<label>[B]Algunos Consejos[/B]</label>
			</control>
			<control type="textbox">
				<top>310</top>
				<width>1740</width>
				<shadowcolor>black</shadowcolor>
				<font>font13</font>
				<align>center</align>
				<label>El Skin ofrece algunos de los mejores addons para ver contenido en castellano, pero puedes instalar todos los que tú quieras y añadirlos a la pantalla de Inicio.[CR]
[B]Puedes Cambiar la imagen de fondo[/B] del skin y el [B]tamaño y color de los iconos superiores[/B] de color azul desde Ajustes (icono rueda dentada), Ajustes de Skin, Apariencia.
Al cambiar el color de los iconos, se cambiará el color azul de todo el skin por el color que hayas elegido.[CR]
El tipo de Inicio, Cristal, STVA o personalizado, también lo puedes cambiar desde Ajustes de Skin. Los ítems personalizados aparecen en todos los tipos de inicio.
[B]Puedes agregar secciones de cualquier addon[/B], en un dispositivo táctil haz dos pulsaciones largas, en el resto de dispositivos, deja pulsado deja apretado el OK del mando, el Enter del teclado o el click izquierdo del ratón.
Si quieres agregar un ítem que tienes en favoritos, pulsa sobre cualquier item vacío en Ajustes de Skin, Items Inicio. Desde aquí también podrás eliminarlos.[CR]
Si usas las videotecas de Kodi y/o Alfa o tienes tu Inicio personalizado, puedes hacer una [B]copia de seguridad[/B].[CR]
Cuando visualizamos contenido, por ejemplo entrando en algún item de Inicio, podemos [B]cambiar el tipo de vista[/B], lista, póster, muero, etc.
Para poder cambiarla, nos desplazamos a la izquierda o pulsamos el icono azul del ojo y aparecerá una ventana donde podremos cambiar la vista y bloquearla.
Desde esa misma ventana también podremos entrar a los Ajustes del Addon en el que estamos.</label>
			</control>
			<control type="button" id="308">
				<centerleft>50%</centerleft>
				<width>300</width>
				<bottom>40</bottom>
				<height>60</height>
				<label>Terminar</label>
				<font>font14</font>
				<textoffsetx>30</textoffsetx>
				<onclick>Skin.SetBool(FirstRunSetup,true)</onclick>
				<onclick>Close</onclick>
				<onclick>ReloadSkin()</onclick>
				<onclick>ReplaceWindow(Home)</onclick>
				<align>center</align>
			</control>
		</control>
	</controls>
</window>