<?xml version="1.0" encoding="UTF-8"?>
<window>
	<defaultcontrol always="true">50</defaultcontrol>
	<menucontrol>9000</menucontrol>
	<views>50,52,54,57,58</views>
	<onload>ClearProperty(ShowScreenSettings,home)</onload>
	<onunload>ClearProperty(ShowScreenSettings,home)</onunload>
	<controls>
		<include>background</include>
		<include>fake-overlay</include>
		<control type="grouplist">
			<left>1170</left>
			<top>52</top>
			<width>auto</width>
			<height>93</height>
			<align>left</align>
			<aligny>bottom</aligny>
			<orientation>horizontal</orientation>
			<control type="label">
				<!-- Games heading -->
				<width max="384">auto</width>
				<height>108</height>
				<label>$LOCALIZE[15016]</label>
				<font>ctouch30</font>
				<wrapmultiline>true</wrapmultiline>
				<aligny>top</aligny>
			</control>
			<control type="label">
				<!-- Number of file -->
				<width max="120">auto</width>
				<height>75</height>
				<label>$INFO[Container.NumItems,(,)]</label>
				<aligny>top</aligny>
			</control>
		</control>
		<control type="group">
			<!-- Various Views of Games library -->
			<include file="View-General.xml">ListView</include>
			<include file="View-General.xml">IconView</include>
			<include file="View-General.xml">WrapView</include>
			<include file="View-General.xml">WallView</include>
			<include file="View-General.xml">Coverflow</include>
		</control>
		<include>touch-controlsl</include>
		<include>touch-controls</include>
		<include>hora</include>		
		<control type="group">
			<!-- Screen Settings Menu -->
			<left>0</left>
			<top>1080</top>
			<include>screen-settings</include>
			<include>fadebackground</include>
			<control type="image">
				<!-- Dialog background -->
				<left>657</left>
				<top>141</top>
				<width>600</width>
				<height>741</height>
				<texture border="14">button-menu-background.png</texture>
			</control>
			<control type="label">
				<!-- Dialog heading -->
				<left>675</left>
				<top>153</top>
				<width>564</width>
				<height>51</height>
				<font>ctouch23</font>
				<label>$LOCALIZE[15016]</label>
				<align>center</align>
			</control>
			<control type="button">
				<!-- Touch Close button -->
				<left>1221</left>
				<top>129</top>
				<width>48</width>
				<height>48</height>
				<texturefocus>touch-close.png</texturefocus>
				<texturenofocus>touch-close.png</texturenofocus>
				<onclick condition="!String.IsEqual(Window(home).Property(ShowScreenSettings),show)">SetProperty(ShowScreenSettings,show,home)</onclick>
				<onclick condition="String.IsEqual(Window(home).Property(ShowScreenSettings),show)">ClearProperty(ShowScreenSettings,home)</onclick>
			</control>
			<control type="image">
				<left>675</left>
				<top>207</top>
				<width>564</width>
				<height>6</height>
				<texture>separator.png</texture>
			</control>
			<control type="grouplist" id="9000">
				<left>675</left>
				<top>219</top>
				<width>564</width>
				<height>648</height>
				<itemgap>0</itemgap>
				<onright>50</onright>
				<onleft>50</onleft>
				<control type="button" id="601">
					<!-- View as button -->
					<width>564</width>
					<height>72</height>
					<font>ctouch22</font>
					<label>$LOCALIZE[31562] $INFO[Container.Viewmode]</label>
					<onclick>Container.NextViewMode</onclick>
				</control>
				<control type="button" id="603">
					<width>564</width>
					<height>72</height>
					<font>ctouch22</font>
					<label>$LOCALIZE[10824]</label>
					<onclick>Addon.OpenSettings($INFO[Container.PluginName])</onclick>
					<visible>!String.IsEmpty(Container.PluginName)</visible>
				</control>
				<control type="button" id="604">
					<!-- Get more -->
					<width>564</width>
					<height>72</height>
					<font>ctouch22</font>
					<label>$LOCALIZE[21452]</label>
					<onclick>ActivateWindow(addonbrowser,addons://more/game/,return)</onclick>
					<visible>Container.Content(addons)</visible>
				</control>
				<control type="button" id="610">
					<!-- player controls button -->
					<width>639</width>
					<height>69</height>
					<font>ctouch22</font>
					<label>$LOCALIZE[16003] $LOCALIZE[478]</label>
					<onclick>SetFocus(50)</onclick>
					<onclick condition="String.IsEqual(Window(home).Property(ShowScreenSettings),show)">ClearProperty(ShowScreenSettings,home)</onclick>
					<onclick>ActivateWindow(playercontrols)</onclick>
					<visible>Player.HasAudio | Player.HasVideo</visible>
				</control>
			</control>
		</control>
		<!-- Show a iOS style page indicator to show which focus group has the current focus -->
		<!-- Focus group can be hidden or shown but is potentially focusable, that is it has not be disabled -->
		<control type="group">
			<visible>Control.IsVisible(50) | Control.IsVisible(52) | Control.IsVisible(58)</visible>
			<include content="page-indicator">
				<param name="indicatorleft" value="864" />
				<param name="indicatortop" value="0" />
				<param name="indicatorwidth" value="192" />
				<param name="indicatorheight" value="48" />
				<param name="indicatororientation" value="horizontal" />
				<param name="grp1indicate" value="[ControlGroup(9000).HasFocus()|String.IsEqual(Window(home).Property(ShowScreenSettings),show)]" />
				<param name="grp1visible" value="[!Skin.HasSetting(lock-screensettings)]" />
				<param name="grp2indicate" value="[Control.HasFocus(50)|Control.HasFocus(52)|Control.HasFocus(58)]" />
				<param name="grp2visible" value="[Control.IsVisible(50)|Control.IsVisible(52)|Control.IsVisible(58)]+[!Skin.HasSetting(lock-screensettings)|!String.IsEqual(Skin.String(show-scrollbar),$LOCALIZE[31877])]" />
				<param name="grp3indicate" value="[Control.HasFocus(1250)|Control.HasFocus(1252)|Control.HasFocus(1253)|Control.HasFocus(1258)]" />
				<param name="grp3visible" value="[!String.IsEqual(Skin.String(show-scrollbar),$LOCALIZE[31877])]" />
			</include>
		</control>
		<control type="group">
			<visible>Control.IsVisible(54) | Control.IsVisible(57)</visible>
			<include content="page-indicator">
				<param name="indicatorleft" value="0" />
				<param name="indicatortop" value="225" />
				<param name="indicatorwidth" value="48" />
				<param name="indicatorheight" value="192" />
				<param name="indicatororientation" value="vertical" />
				<param name="grp1indicate" value="[ControlGroup(9000).HasFocus()|String.IsEqual(Window(home).Property(ShowScreenSettings),show)]" />
				<param name="grp1visible" value="[!Skin.HasSetting(lock-screensettings)]" />
				<param name="grp2indicate" value="[Control.HasFocus(54)|Control.HasFocus(57)]" />
				<param name="grp2visible" value="[Control.IsVisible(54)|Control.IsVisible(57)]+[!Skin.HasSetting(lock-screensettings)|!String.IsEqual(Skin.String(show-scrollbar),$LOCALIZE[31877])]" />
				<param name="grp3indicate" value="[Control.HasFocus(1254)|Control.HasFocus(1257)]" />
				<param name="grp3visible" value="[!String.IsEqual(Skin.String(show-scrollbar),$LOCALIZE[31877])]" />
			</include>
		</control>
	</controls>
</window>
