<?xml version="1.0" encoding="utf-8"?>
<window>
	<defaultcontrol always="true">650</defaultcontrol>
	<onload condition="Player.PauseEnabled">SetFocus(655)</onload>
	<onload>Dialog.Close(fullscreeninfo)</onload>
	<include>OSDFade</include>
	<controls>
	    <control type="button" id="65555">
            <top>-1000</top>
            <left>-1000</left>
            <width>1</width>
            <height>1</height>
			<texturefocus />
            <texturenofocus />
            <font />
			<visible allowhiddenfocus="true">False</visible>
            <onfocus>SetFocus(655)</onfocus>
            <onfocus condition="Window.IsVisible(videoosd)">Action(Close)</onfocus>
        </control>
		<visible>Player.HasMedia</visible>
		<!-- Player action labels -->
		<control type="group">
			<visible>[Window.IsVisible(fullscreenvideo) | Window.IsVisible(visualisation)] + ![Window.IsVisible(sliderdialog) | Window.IsVisible(osdvideosettings) | Window.IsVisible(osdaudiosettings) | Window.IsVisible(subtitlesearch) | Window.IsVisible(osdsubtitlesettings) | Window.IsVisible(videobookmarks)]</visible>
			<control type="image">
				<!-- Seekbar Dialog background image -->
				<left>645</left>
				<top>50</top>
				<height>400</height>
				<width>642</width>
				<texture colordiffuse="ff000000">bg-osd-state.png</texture>
				<visible>Player.Caching | Player.Paused | Player.Forwarding | Player.Rewinding</visible>
			</control>
			<control type="label">
				<width>100%</width>
				<height>60</height>
				<top>995</top>
				<centerleft>85%</centerleft>
				<label>$VAR[SeekLabel]</label>
				<font>ctouch20</font>
				<visible>Window.IsVisible(FullScreen)</visible>
			</control>	
			<control type="grouplist">
				<left>612</left>
				<top>70</top>
				<width>696</width>
				<height>96</height>
				<align>center</align>
				<aligny>center</aligny>
				<orientation>horizontal</orientation>
				<control type="image" id="750">
					<width>85</width>
					<height>85</height>
					<texture>$VAR[PlayStateImage]</texture>
					<animation effect="rotate" start="360" end="0" center="auto" time="8400" loop="true" condition="String.IsEqual(Control.GetLabel(750),busy.png)">conditional</animation>
				</control>
				<control type="label">
					<!-- Player state text -->
					<width min="0" max="750">auto</width>
					<left>10</left>
					<height>85</height>
					<font>ctouch24w</font>
					<label>$VAR[PlayStateTxt]</label>
					<font>ctouch25w</font>
				</control>
			</control>
		</control>
		<control type="group">
			<control type="group">
				<!-- Player info labels -->
				<control type="group" id="1">
					<visible>!VideoPlayer.Content(LiveTV) + Skin.HasSetting(menu-little)</visible>
					<control type="label" id="1">
						<left>30</left>
						<top>915</top>
						<width>345</width>
						<height>30</height>
						<font>ctouch19</font>
						<label>Acaba a las $INFO[Player.FinishTime]</label>
						<align>left</align>
					</control>
					<control type="label" id="1">
						<left>1545</left>
						<top>915</top>
						<width>345</width>
						<height>30</height>
						<font>ctouch19</font>
						<label>$INFO[VideoPlayer.Time] | $INFO[Player.Duration]</label>
						<align>right</align>
					</control>
				</control>
				<control type="group" id="1">
					<visible>!VideoPlayer.Content(LiveTV) + !Skin.HasSetting(menu-little)</visible>
					<control type="label" id="1">
						<left>30</left>
						<top>915</top>
						<width>345</width>
						<height>30</height>
						<font>ctouch19</font>
						<label>Acaba a las $INFO[Player.FinishTime]</label>
						<align>left</align>
					</control>
					<control type="label" id="1">
						<left>1545</left>
						<top>915</top>
						<width>345</width>
						<height>30</height>
						<font>ctouch19</font>
						<label>$INFO[VideoPlayer.Time] | $INFO[Player.Duration]</label>
						<align>right</align>
					</control>
				</control>
				<control type="group" id="1">
					<visible>VideoPlayer.Content(LiveTV) + Skin.HasSetting(menu-little)</visible>
					<control type="label" id="1">
						<left>1545</left>
						<top>905</top>
						<width>345</width>
						<height>30</height>
						<font>ctouch19</font>
						<label>$INFO[PVR.EpgEventElapsedTime] | $INFO[PVR.EpgEventDuration]</label>
						<align>right</align>
					</control>
					<control type="label" id="1">
						<left>30</left>
						<top>905</top>
						<width>345</width>
						<height>30</height>
						<font>ctouch19</font>
						<label>Acaba a las $INFO[PVR.EpgEventFinishTime]</label>
						<align>left</align>
					</control>
				</control>
				<control type="group" id="1">
					<visible>VideoPlayer.Content(LiveTV) + !Skin.HasSetting(menu-little)</visible>
					<control type="label" id="1">
						<left>1545</left>
						<top>915</top>
						<width>345</width>
						<height>30</height>
						<font>ctouch19</font>
						<label>$INFO[PVR.EpgEventElapsedTime] | $INFO[PVR.EpgEventDuration]</label>
						<align>right</align>
					</control>
					<control type="label" id="1">
						<left>30</left>
						<top>915</top>
						<width>345</width>
						<height>30</height>
						<font>ctouch19</font>
						<label>Acaba a las $INFO[PVR.EpgEventFinishTime]</label>
						<align>left</align>
					</control>
				</control>
				<control type="group">
					<visible>![Window.IsVisible(seekbar)]</visible>
					<control type="group" id="1">
						<visible>!VideoPlayer.Content(LiveTV) + !Skin.HasSetting(menulittle)</visible>
						<control type="progress" id="1">
							<left>25</left>
							<top>960</top>
							<width>1870</width>
							<height>12</height>
							<info>Player.ProgressCache</info>
							<colordiffuse>CacheBarColor</colordiffuse>
						</control>
						<control type="progress" id="1">
							<left>25</left>
							<top>960</top>
							<width>1870</width>
							<height>12</height>
							<info>Player.Progress</info>
						</control>
						<control type="slider" id="401">
							<description>Seek Slider</description>
							<posx>25</posx>
							<posy>960</posy>
							<width>1870</width>
							<height>22</height>
							<action>seek</action>
							<ondown>655</ondown>
							<texturesliderbar></texturesliderbar>
							<textureslidernib colordiffuse="$VAR[AccentColor]">groupfocused.png</textureslidernib>
							<textureslidernibfocus>groupfocused.png</textureslidernibfocus>
						</control>
					</control>
					<control type="group" id="1">
						<visible>!VideoPlayer.Content(LiveTV) + Skin.HasSetting(menulittle)</visible>
						<control type="progress" id="1">
							<left>25</left>
							<top>950</top>
							<width>1870</width>
							<height>22</height>
							<info>Player.ProgressCache</info>
							<colordiffuse>CacheBarColor</colordiffuse>
						</control>
						<control type="progress" id="1">
							<left>25</left>
							<top>950</top>
							<width>1870</width>
							<height>22</height>
							<info>Player.Progress</info>
						</control>
						<control type="slider" id="401">
							<description>Seek Slider</description>
							<posx>25</posx>
							<posy>960</posy>
							<width>1870</width>
							<height>22</height>
							<action>seek</action>
							<ondown>655</ondown>
							<texturesliderbar></texturesliderbar>
							<textureslidernib colordiffuse="$VAR[AccentColor]">groupfocused.png</textureslidernib>
							<textureslidernibfocus>groupfocused.png</textureslidernibfocus>
						</control>
					</control>
					<control type="progress" id="1">
						<left>25</left>
						<top>950</top>
						<width>1870</width>
						<height>12</height>
						<info>PVR.EpgEventProgress</info>
						<visible>VideoPlayer.Content(LiveTV)</visible>
					</control>
					<control type="slider" id="691">
						<!-- Seek Slider -->
						<left>25</left>
						<top>950</top>
						<width>1870</width>
						<height>12</height>
						<info>PVRTimeshiftProgressPlayPos</info>
						<action>pvr.seek</action>
						<onup>650</onup>
						<ondown>650</ondown>
						<colordiffuse>ProgressBarColor</colordiffuse>
						<textureslidernibfocus>progress-bar-focus.png</textureslidernibfocus>
						<visible>VideoPlayer.Content(LiveTV)</visible>
					</control>
				</control>
			</control>
			<control type="grouplist" id="650">
				<!-- Default group OSD buttons -->
				<centerleft>50%</centerleft>
				<top>990</top>
				<width>600</width>
				<height>72</height>
				<itemgap>20</itemgap>
				<orientation>horizontal</orientation>
				<align>center</align>
				<onleft>621</onleft>
				<control type="button" id="642">
					<!-- Skip Bwd -->
					<width>72</width>
					<height>72</height>
					<texturefocus>osd-btn-skipback-focus.png</texturefocus>
					<texturenofocus>osd-btn-skipback.png</texturenofocus>
					<onclick>PlayerControl(Previous)</onclick>
					<include>AutoHideOSD</include>
					<include>focus-zoom</include>
					<visible>!VideoPlayer.Content(LiveTV)</visible>
				</control>				
				<control type="button" id="654">
					<!-- Rewind -->
					<width>72</width>
					<height>72</height>
					<texturefocus>osd-btn-rewind-focus.png</texturefocus>
					<texturenofocus>osd-btn-rewind.png</texturenofocus>
					<onclick>PlayerControl(Rewind)</onclick>
					<include>AutoHideOSD</include>
					<include>focus-zoom</include>
					<visible>!VideoPlayer.Content(LiveTV)</visible>
				</control>
				<control type="togglebutton" id="655">
					<!-- Play -->
					<width>72</width>
					<height>72</height>
					<onup>401</onup>
					<texturefocus>osd-btn-pause-focus.png</texturefocus>
					<texturenofocus>osd-btn-pause.png</texturenofocus>
					<usealttexture>Player.Paused | Player.Forwarding | Player.Rewinding</usealttexture>
					<alttexturefocus>osd-btn-play-focus.png</alttexturefocus>
					<alttexturenofocus>osd-btn-play.png</alttexturenofocus>
					<include>AutoHideOSD</include>
					<onclick>PlayerControl(Play)</onclick>
					<include>focus-zoom</include>
					<visible>!VideoPlayer.Content(LiveTV)</visible>
				</control>
				<control type="button" id="656">
					<!-- Stop -->
					<width>72</width>
					<height>72</height>
					<texturefocus>osd-btn-stop-focus.png</texturefocus>
					<include>AutoHideOSD</include>
					<texturenofocus>osd-btn-stop.png</texturenofocus>
					<onclick>PlayerControl(Stop)</onclick>
					<include>focus-zoom</include>
				</control>
				<control type="button" id="657">
					<!-- Fast Forward -->
					<width>72</width>
					<height>72</height>
					<texturefocus>osd-btn-fastfwd-focus.png</texturefocus>
					<texturenofocus>osd-btn-fastfwd.png</texturenofocus>
					<include>AutoHideOSD</include>
					<onclick>PlayerControl(Forward)</onclick>
					<include>focus-zoom</include>
					<visible>!VideoPlayer.Content(LiveTV)</visible>
				</control>
				<control type="button" id="662">
					<!-- Skip Fwd -->
					<width>72</width>
					<height>72</height>
					<texturefocus>osd-btn-skipfwd-focus.png</texturefocus>
					<texturenofocus>osd-btn-skipfwd.png</texturenofocus>
					<include>AutoHideOSD</include>
					<onclick>PlayerControl(Next)</onclick>
					<include>focus-zoom</include>
					<visible>!VideoPlayer.Content(LiveTV)</visible>
				</control>	
				<control type="button" id="663">
					<!-- EPG Menu -->
					<width>72</width>
					<height>72</height>
					<texturefocus>osd-btn-guide-focus.png</texturefocus>
					<texturenofocus>osd-btn-guide.png</texturenofocus>
					<include>AutoHideOSD</include>
					<onclick>Dialog.Close(VideoOSD)</onclick>
					<onclick>ActivateWindow(PVROSDChannels)</onclick>
					<include>focus-zoom</include>
					<visible>VideoPlayer.Content(livetv) + VideoPlayer.HasEPG</visible>
				</control>
				<control type="button" id="675">
					<!-- Channel Up -->
					<width>72</width>
					<height>72</height>
					<texturefocus flipx="true">osd-btn-channelup-focus.png</texturefocus>
					<include>AutoHideOSD</include>
					<texturenofocus flipx="true">osd-btn-channelup.png</texturenofocus>
					<onclick>ChannelUp</onclick>
					<include>focus-zoom</include>
					<visible>VideoPlayer.Content(LiveTV)</visible>
				</control>
				<control type="button" id="676">
					<!-- Channel Down -->
					<width>72</width>
					<height>72</height>
					<texturefocus>osd-btn-channeldown-focus.png</texturefocus>
					<texturenofocus>osd-btn-channeldown.png</texturenofocus>
					<include>AutoHideOSD</include>
					<onclick>ChannelDown</onclick>
					<include>focus-zoom</include>
					<visible>VideoPlayer.Content(LiveTV)</visible>
				</control>
			</control>	
			<control type="grouplist" id="621">
				<left>30</left>
				<top>990</top>
				<width>600</width>
				<height>72</height>
				<itemgap>15</itemgap>
				<orientation>horizontal</orientation>
				<align>left</align>
				<onright>650</onright>
				<control type="button" id="633">
					<!-- Subtitles Menu -->
					<width>72</width>
					<height>72</height>
					<texturenofocus>osd-btn-subtitle.png</texturenofocus>
					<texturefocus>osd-btn-subtitle-focus.png</texturefocus>
					<onclick>ActivateWindow(osdsubtitlesettings)</onclick>
					<include>AutoHideOSD</include>
					<include>focus-zoom</include>
					<visible>Player.HasVideo</visible>
				</control>
				<control type="button" id="634">
					<!-- Audio Menu -->
					<width>72</width>
					<height>72</height>
					<texturefocus>osd-btn-audio-focus.png</texturefocus>
					<texturenofocus>osd-btn-audio.png</texturenofocus>
					<include>AutoHideOSD</include>
					<onclick>ActivateWindow(osdaudiosettings)</onclick>
					<include>focus-zoom</include>
				</control>
				<control type="button" id="635">
					<!-- Video Menu -->
					<width>72</width>
					<height>72</height>
					<texturefocus>osd-btn-video-focus.png</texturefocus>
					<texturenofocus>osd-btn-video.png</texturenofocus>
					<onclick>ActivateWindow(osdvideosettings)</onclick>
					<include>AutoHideOSD</include>
					<include>focus-zoom</include>
					<visible>Player.HasVideo</visible>
				</control>
				<control type="button" id="636">
					<!-- Info -->
					<width>72</width>
					<height>72</height>
					<texturefocus>osd-btn-processinfo-focus.png</texturefocus>
					<include>AutoHideOSD</include>
					<texturenofocus>osd-btn-proceesinfo.png</texturenofocus>
					<onclick>ActivateWindow(playerprocessinfo)</onclick>
					<include>focus-zoom</include>
				</control>
				<control type="button" id="637">
					<!-- Fullscreen -->
					<width>72</width>
					<height>72</height>
					<texturefocus>osd-btn-zoom-focus.png</texturefocus>
					<texturenofocus>osd-btn-zoom.png</texturenofocus>
					<onclick>Close</onclick>
					<include>AutoHideOSD</include>
					<onclick>FullScreen</onclick>
					<include>focus-zoom</include>
				</control>
				<control type="button" id="638">
					<!-- Close -->
					<width>72</width>
					<height>72</height>
					<texturefocus>osd-btn-close-focus.png</texturefocus>
					<texturenofocus>osd-btn-close.png</texturenofocus>
					<include>AutoHideOSD</include>
					<onclick>Close</onclick>
					<include>focus-zoom</include>
					<visible>Skin.HasSetting(menulittle)</visible>
				</control>
				<control type="button" id="639">
					<!-- Teletext -->
					<width>72</width>
					<height>72</height>
					<texturenofocus>osd-btn-teletext.png</texturenofocus>
					<texturefocus>osd-btn-teletext-focus.png</texturefocus>
					<include>AutoHideOSD</include>
					<onclick>Dialog.Close(VideoOSD)</onclick>
					<onclick>ActivateWindow(Teletext)</onclick>
					<include>focus-zoom</include>
					<visible>VideoPlayer.HasTeletext</visible>
				</control>				
			</control>
		</control>
	</controls>
</window>