{
    "AUTOPLAY": {
        "123pelis": {
            "quality": [
                "default"
            ], 
            "servers": [
                "directo", 
                "fembed", 
                "mixdrop", 
                "doodstream", 
                "clipwatching", 
                "cloudvideo"
            ], 
            "settings": {
                "active": true, 
                "custom_quality": false, 
                "custom_servers": false, 
                "plan_b": true, 
                "priority": 0, 
                "quality_1": 0, 
                "quality_2": 0, 
                "quality_3": 0, 
                "server_1": 0, 
                "server_2": 1, 
                "server_3": 2
            }
        }, 
        "AUTOPLAY": {}, 
        "allcalidad": {
            "quality": [
                "default"
            ], 
            "servers": [
                "fembed", 
                "streamtape", 
                "fastplay", 
                "gvideo", 
                "netutv", 
                "Jawcloud"
            ], 
            "settings": {
                "active": true, 
                "custom_quality": false, 
                "custom_servers": true, 
                "plan_b": true, 
                "priority": 0, 
                "quality_1": 0, 
                "quality_2": 0, 
                "quality_3": 0, 
                "server_1": 3, 
                "server_2": 2, 
                "server_3": 1
            }
        }, 
        "allpeliculas": {
            "quality": [
                "default"
            ], 
            "servers": [
                "streampe", 
                "fembed", 
                "jawcloud"
            ], 
            "settings": {
                "active": true, 
                "custom_quality": false, 
                "custom_servers": false, 
                "plan_b": true, 
                "priority": 0, 
                "quality_1": 0, 
                "quality_2": 0, 
                "quality_3": 0, 
                "server_1": 0, 
                "server_2": 1, 
                "server_3": 2
            }
        }, 
        "allpeliculastv": {
            "quality": [
                "default"
            ], 
            "servers": [
                "fastplay", 
                "flashx", 
                "vimeo"
            ], 
            "settings": {
                "active": true, 
                "custom_quality": false, 
                "custom_servers": true, 
                "plan_b": true, 
                "priority": 0, 
                "quality_1": 0, 
                "quality_2": 0, 
                "quality_3": 0, 
                "server_1": 0, 
                "server_2": 2, 
                "server_3": 1
            }
        }, 
        "animeblix": {
            "quality": [
                "default"
            ], 
            "servers": [
                "directo", 
                "fembed", 
                "streamtape"
            ], 
            "settings": {
                "active": true, 
                "custom_quality": false, 
                "custom_servers": false, 
                "plan_b": true, 
                "priority": 0, 
                "quality_1": 0, 
                "quality_2": 0, 
                "quality_3": 0, 
                "server_1": 0, 
                "server_2": 1, 
                "server_3": 2
            }
        }, 
        "animeid": {
            "quality": [
                "default"
            ], 
            "servers": [
                "animeid"
            ], 
            "settings": {
                "active": true, 
                "custom_quality": false, 
                "custom_servers": false, 
                "plan_b": true, 
                "priority": 0, 
                "quality_1": 0, 
                "quality_2": 0, 
                "quality_3": 0, 
                "server_1": 0, 
                "server_2": 0, 
                "server_3": 0
            }
        }, 
        "blogdepelis": {
            "quality": [
                "default"
            ], 
            "servers": [
                "directo"
            ], 
            "settings": {
                "active": true, 
                "custom_quality": false, 
                "custom_servers": false, 
                "plan_b": true, 
                "priority": 0, 
                "quality_1": 0, 
                "quality_2": 0, 
                "quality_3": 0, 
                "server_1": 0, 
                "server_2": 0, 
                "server_3": 0
            }
        }, 
        "cine24h": {
            "quality": [
                "720HD", 
                "default"
            ], 
            "servers": [
                "fembed", 
                "mystream", 
                "uptobox", 
                "gounlimited"
            ], 
            "settings": {
                "active": true, 
                "custom_quality": true, 
                "custom_servers": true, 
                "plan_b": true, 
                "priority": 0, 
                "quality_1": 0, 
                "quality_2": 1, 
                "quality_3": 0, 
                "server_1": 2, 
                "server_2": 1, 
                "server_3": 0
            }
        }, 
        "cinecalidad": {
            "quality": [
                "1080p", 
                "default"
            ], 
            "servers": [
                "gounlimited", 
                "mega", 
                "vidcloud", 
                "torrent"
            ], 
            "settings": {
                "active": true, 
                "custom_quality": true, 
                "custom_servers": true, 
                "plan_b": true, 
                "priority": 0, 
                "quality_1": 0, 
                "quality_2": 1, 
                "quality_3": 0, 
                "server_1": 1, 
                "server_2": 0, 
                "server_3": 3
            }
        }, 
        "cineclasicoonline": {
            "quality": [
                "default"
            ], 
            "servers": [
                "supervideo"
            ], 
            "settings": {
                "active": true, 
                "custom_quality": false, 
                "custom_servers": false, 
                "plan_b": true, 
                "priority": 0, 
                "quality_1": 0, 
                "quality_2": 0, 
                "quality_3": 0, 
                "server_1": 0, 
                "server_2": 0, 
                "server_3": 0
            }
        }, 
        "cinehindi": {
            "quality": [
                "default"
            ], 
            "servers": [
                "gvideo", 
                "fembed"
            ], 
            "settings": {
                "active": true, 
                "custom_quality": false, 
                "custom_servers": false, 
                "plan_b": true, 
                "priority": 0, 
                "quality_1": 0, 
                "quality_2": 0, 
                "quality_3": 0, 
                "server_1": 0, 
                "server_2": 1, 
                "server_3": 0
            }
        }, 
        "cineis": {
            "quality": [
                "default"
            ], 
            "servers": [
                "mega", 
                "fembed", 
                "vidtodo", 
                "gvideo"
            ], 
            "settings": {
                "active": true, 
                "custom_quality": false, 
                "custom_servers": true, 
                "plan_b": true, 
                "priority": 0, 
                "quality_1": 0, 
                "quality_2": 0, 
                "quality_3": 0, 
                "server_1": 3, 
                "server_2": 0, 
                "server_3": 1
            }
        }, 
        "cinemahd": {
            "quality": [
                "default"
            ], 
            "servers": [
                "vidia", 
                "upstream", 
                "vidtodo", 
                "clipwatching", 
                "mixdrop", 
                "mystream", 
                "cloudvideo"
            ], 
            "settings": {
                "active": true, 
                "custom_quality": false, 
                "custom_servers": true, 
                "plan_b": true, 
                "priority": 0, 
                "quality_1": 0, 
                "quality_2": 0, 
                "quality_3": 0, 
                "server_1": 1, 
                "server_2": 5, 
                "server_3": 4
            }
        }, 
        "cinemat4": {
            "quality": [
                "default"
            ], 
            "servers": [
                "amazon", 
                "gvideo", 
                "mega", 
                "mediafire"
            ], 
            "settings": {
                "active": false, 
                "custom_quality": false, 
                "custom_servers": false, 
                "plan_b": true, 
                "priority": 0, 
                "quality_1": 0, 
                "quality_2": 0, 
                "quality_3": 0, 
                "server_1": 0, 
                "server_2": 1, 
                "server_3": 2
            }
        }, 
        "cinematteflix": {
            "quality": [
                "default"
            ], 
            "servers": [
                "youtube"
            ], 
            "settings": {
                "active": true, 
                "custom_quality": false, 
                "custom_servers": false, 
                "plan_b": true, 
                "priority": 0, 
                "quality_1": 0, 
                "quality_2": 0, 
                "quality_3": 0, 
                "server_1": 0, 
                "server_2": 0, 
                "server_3": 0
            }
        }, 
        "cinetorrent": {
            "quality": [
                "default"
            ], 
            "servers": [
                "torrent"
            ], 
            "settings": {
                "active": true, 
                "custom_quality": false, 
                "custom_servers": false, 
                "plan_b": true, 
                "priority": 0, 
                "quality_1": 0, 
                "quality_2": 0, 
                "quality_3": 0, 
                "server_1": 0, 
                "server_2": 0, 
                "server_3": 0
            }
        }, 
        "cinetux": {
            "quality": [
                "default"
            ], 
            "servers": [
                "directo", 
                "rapidvideo", 
                "streamango", 
                "okru", 
                "vidoza", 
                "openload", 
                "powvideo"
            ], 
            "settings": {
                "active": true, 
                "custom_quality": false, 
                "custom_servers": false, 
                "plan_b": true, 
                "priority": 0, 
                "quality_1": 0, 
                "quality_2": 0, 
                "quality_3": 0, 
                "server_1": 2, 
                "server_2": 1, 
                "server_3": 2
            }
        }, 
        "clasicotv": {
            "quality": [
                "default"
            ], 
            "servers": [
                "sendvid"
            ], 
            "settings": {
                "active": false, 
                "custom_quality": false, 
                "custom_servers": false, 
                "plan_b": true, 
                "priority": 0, 
                "quality_1": 0, 
                "quality_2": 0, 
                "quality_3": 0, 
                "server_1": 0, 
                "server_2": 0, 
                "server_3": 0
            }
        }, 
        "cliver": {
            "quality": [
                "default"
            ], 
            "servers": [
                "openload", 
                "rapidvideo", 
                "directo"
            ], 
            "settings": {
                "active": true, 
                "custom_quality": false, 
                "custom_servers": true, 
                "plan_b": true, 
                "priority": 0, 
                "quality_1": 0, 
                "quality_2": 0, 
                "quality_3": 0, 
                "server_1": 1, 
                "server_2": 2, 
                "server_3": 2
            }
        }, 
        "clubdecine": {
            "quality": [
                "default"
            ], 
            "servers": [
                "supervideo", 
                "vidcloud", 
                "myvy"
            ], 
            "settings": {
                "active": true, 
                "custom_quality": false, 
                "custom_servers": false, 
                "plan_b": true, 
                "priority": 0, 
                "quality_1": 0, 
                "quality_2": 0, 
                "quality_3": 0, 
                "server_1": 1, 
                "server_2": 1, 
                "server_3": 2
            }
        }, 
        "cuevana2espanol": {
            "quality": [
                "default"
            ], 
            "servers": [
                "rapidvideo", 
                "streamango", 
                "directo", 
                "yourupload", 
                "openload", 
                "dostream"
            ], 
            "settings": {
                "active": true, 
                "custom_quality": false, 
                "custom_servers": false, 
                "plan_b": true, 
                "priority": 0, 
                "quality_1": 0, 
                "quality_2": 0, 
                "quality_3": 0, 
                "server_1": 0, 
                "server_2": 1, 
                "server_3": 2
            }
        }, 
        "cuevana3": {
            "quality": [
                "default"
            ], 
            "servers": [
                "fastplay", 
                "directo", 
                "streamplay", 
                "flashx", 
                "streamito", 
                "streamango", 
                "vidoza"
            ], 
            "settings": {
                "active": true, 
                "custom_quality": false, 
                "custom_servers": false, 
                "plan_b": true, 
                "priority": 0, 
                "quality_1": 0, 
                "quality_2": 0, 
                "quality_3": 0, 
                "server_1": 0, 
                "server_2": 1, 
                "server_3": 2
            }
        }, 
        "dangotoons": {
            "quality": [
                "default"
            ], 
            "servers": [
                "okru", 
                "rapidvideo"
            ], 
            "settings": {
                "active": true, 
                "custom_quality": false, 
                "custom_servers": false, 
                "plan_b": true, 
                "priority": 0, 
                "quality_1": 0, 
                "quality_2": 0, 
                "quality_3": 0, 
                "server_1": 0, 
                "server_2": 1, 
                "server_3": 0
            }
        }, 
        "danimados": {
            "quality": [
                "default"
            ], 
            "servers": [
                "okru", 
                "rapidvideo"
            ], 
            "settings": {
                "active": true, 
                "custom_quality": false, 
                "custom_servers": false, 
                "plan_b": true, 
                "priority": 0, 
                "quality_1": 0, 
                "quality_2": 0, 
                "quality_3": 0, 
                "server_1": 0, 
                "server_2": 1, 
                "server_3": 0
            }
        }, 
        "destotal": {
            "quality": [
                "default"
            ], 
            "servers": [
                "openload", 
                "streamango", 
                "videoob", 
                "rapidvideo", 
                "okru"
            ], 
            "settings": {
                "active": true, 
                "custom_quality": false, 
                "custom_servers": false, 
                "plan_b": true, 
                "priority": 0, 
                "quality_1": 0, 
                "quality_2": 0, 
                "quality_3": 0, 
                "server_1": 0, 
                "server_2": 1, 
                "server_3": 2
            }
        }, 
        "dilo": {
            "quality": [
                "default"
            ], 
            "servers": [
                "openload", 
                "streamango", 
                "powvideo", 
                "clipwatching", 
                "streamplay", 
                "streamcherry", 
                "gamovideo"
            ], 
            "settings": {
                "active": true, 
                "custom_quality": false, 
                "custom_servers": false, 
                "plan_b": true, 
                "priority": 0, 
                "quality_1": 0, 
                "quality_2": 0, 
                "quality_3": 0, 
                "server_1": 0, 
                "server_2": 1, 
                "server_3": 2
            }
        }, 
        "divxtotal": {
            "quality": [
                "default"
            ], 
            "servers": [
                "torrent"
            ], 
            "settings": {
                "active": true, 
                "custom_quality": false, 
                "custom_servers": false, 
                "plan_b": true, 
                "priority": 0, 
                "quality_1": 0, 
                "quality_2": 0, 
                "quality_3": 0, 
                "server_1": 0, 
                "server_2": 0, 
                "server_3": 0
            }
        }, 
        "dontorrent": {
            "quality": [
                "default"
            ], 
            "servers": [
                "torrent"
            ], 
            "settings": {
                "active": false, 
                "custom_quality": false, 
                "custom_servers": false, 
                "plan_b": true, 
                "priority": 0, 
                "quality_1": 0, 
                "quality_2": 0, 
                "quality_3": 0, 
                "server_1": 0, 
                "server_2": 0, 
                "server_3": 0
            }
        }, 
        "doramasmp4": {
            "quality": [
                "default"
            ], 
            "servers": [
                "okru", 
                "directo", 
                "thevimeo", 
                "rcdnme", 
                "gplay"
            ], 
            "settings": {
                "active": true, 
                "custom_quality": false, 
                "custom_servers": false, 
                "plan_b": true, 
                "priority": 0, 
                "quality_1": 0, 
                "quality_2": 0, 
                "quality_3": 0, 
                "server_1": 0, 
                "server_2": 1, 
                "server_3": 2
            }
        }, 
        "dospelis": {
            "quality": [
                "HD", 
                "SD", 
                "CAM", 
                "default"
            ], 
            "servers": [
                "clipwatching", 
                "upstream", 
                "streamz"
            ], 
            "settings": {
                "active": true, 
                "custom_quality": true, 
                "custom_servers": true, 
                "plan_b": true, 
                "priority": 0, 
                "quality_1": 0, 
                "quality_2": 1, 
                "quality_3": 1, 
                "server_1": 1, 
                "server_2": 2, 
                "server_3": 0
            }
        }, 
        "dramasjc": {
            "quality": [
                "default"
            ], 
            "servers": [
                "okru", 
                "mailru", 
                "openload"
            ], 
            "settings": {
                "active": false, 
                "custom_quality": false, 
                "custom_servers": false, 
                "plan_b": true, 
                "priority": 0, 
                "quality_1": 0, 
                "quality_2": 0, 
                "quality_3": 0, 
                "server_1": 0, 
                "server_2": 1, 
                "server_3": 2
            }
        }, 
        "elitetorrent": {
            "quality": [
                "default"
            ], 
            "servers": [
                "torrent"
            ], 
            "settings": {
                "active": false, 
                "custom_quality": false, 
                "custom_servers": false, 
                "plan_b": true, 
                "priority": 0, 
                "quality_1": 0, 
                "quality_2": 0, 
                "quality_3": 0, 
                "server_1": 0, 
                "server_2": 0, 
                "server_3": 0
            }
        }, 
        "entrepeliculasyseries": {
            "quality": [
                "default"
            ], 
            "servers": [
                "mega", 
                "fembed", 
                "vidtodo", 
                "gvideo", 
                "clipwatching", 
                "streamtape", 
                "upstream", 
                "uqload"
            ], 
            "settings": {
                "active": true, 
                "custom_quality": false, 
                "custom_servers": true, 
                "plan_b": true, 
                "priority": 0, 
                "quality_1": 0, 
                "quality_2": 0, 
                "quality_3": 0, 
                "server_1": 0, 
                "server_2": 3, 
                "server_3": 6
            }
        }, 
        "erairaws": {
            "quality": [
                "1080p", 
                "720p", 
                "540p", 
                "480p", 
                "default"
            ], 
            "servers": [
                "torrent"
            ], 
            "settings": {
                "active": true, 
                "custom_quality": true, 
                "custom_servers": false, 
                "plan_b": true, 
                "priority": 0, 
                "quality_1": 0, 
                "quality_2": 1, 
                "quality_3": 1, 
                "server_1": 0, 
                "server_2": 0, 
                "server_3": 0
            }
        }, 
        "estrenoscinesaa": {
            "quality": [
                "default"
            ], 
            "servers": [
                "Fembed", 
                "Uqload", 
                "Youtube", 
                "uqload", 
                "fembed", 
                "upstream", 
                "doodstream"
            ], 
            "settings": {
                "active": true, 
                "custom_quality": false, 
                "custom_servers": true, 
                "plan_b": true, 
                "priority": 0, 
                "quality_1": 0, 
                "quality_2": 0, 
                "quality_3": 0, 
                "server_1": 6, 
                "server_2": 5, 
                "server_3": 0
            }
        }, 
        "estrenosgo": {
            "quality": [
                "default"
            ], 
            "servers": [
                "torrent"
            ], 
            "settings": {
                "active": true, 
                "custom_quality": false, 
                "custom_servers": false, 
                "plan_b": true, 
                "priority": 0, 
                "quality_1": 0, 
                "quality_2": 0, 
                "quality_3": 0, 
                "server_1": 0, 
                "server_2": 0, 
                "server_3": 0
            }
        }, 
        "fullseriehd": {
            "quality": [
                "HD-1080p", 
                "HD-720p", 
                "Cam", 
                "default"
            ], 
            "servers": [
                "okru", 
                "fembed", 
                "gvideo", 
                "mega", 
                "megaup", 
                "onefichier", 
                "uptobox", 
                "uploaded", 
                "uqload"
            ], 
            "settings": {
                "active": true, 
                "custom_quality": true, 
                "custom_servers": true, 
                "plan_b": true, 
                "priority": 0, 
                "quality_1": 0, 
                "quality_2": 1, 
                "quality_3": 2, 
                "server_1": 3, 
                "server_2": 2, 
                "server_3": 1
            }
        }, 
        "goovie": {
            "quality": [
                "1080", 
                "720", 
                "480", 
                "360", 
                "default"
            ], 
            "servers": [
                "powvideo", 
                "streamplay", 
                "vizoda", 
                "clipwatching"
            ], 
            "settings": {
                "active": true, 
                "custom_quality": true, 
                "custom_servers": false, 
                "plan_b": true, 
                "priority": 0, 
                "quality_1": 0, 
                "quality_2": 1, 
                "quality_3": 2, 
                "server_1": 3, 
                "server_2": 1, 
                "server_3": 2
            }
        }, 
        "hdfull": {
            "quality": [
                "HD1080", 
                "HD720", 
                "HDTV", 
                "DVDRIP", 
                "RHDTV", 
                "DVDSCR", 
                "default"
            ], 
            "servers": [
                "clipwatching", 
                "gamovideo", 
                "vidoza", 
                "vidtodo", 
                "openload", 
                "uptobox", 
                "upstream"
            ], 
            "settings": {
                "active": true, 
                "custom_quality": true, 
                "custom_servers": true, 
                "plan_b": true, 
                "priority": 0, 
                "quality_1": 0, 
                "quality_2": 1, 
                "quality_3": 2, 
                "server_1": 5, 
                "server_2": 0, 
                "server_3": 2
            }
        }, 
        "hdfulls": {
            "quality": [
                "HD1080", 
                "HD720", 
                "HDTV", 
                "DVDRIP", 
                "RHDTV", 
                "DVDSCR", 
                "default"
            ], 
            "servers": [
                "flix555", 
                "clipwatching", 
                "gamovideo", 
                "powvideo", 
                "streamplay", 
                "vidoza", 
                "vidtodo", 
                "uptobox"
            ], 
            "settings": {
                "active": true, 
                "custom_quality": true, 
                "custom_servers": false, 
                "plan_b": true, 
                "priority": 0, 
                "quality_1": 0, 
                "quality_2": 1, 
                "quality_3": 2, 
                "server_1": 7, 
                "server_2": 1, 
                "server_3": 2
            }
        }, 
        "homecine": {
            "quality": [
                "HD 720p", 
                "HD 1080p", 
                "480p", 
                "360p", 
                "default"
            ], 
            "servers": [
                "cinemaupload"
            ], 
            "settings": {
                "active": true, 
                "custom_quality": true, 
                "custom_servers": false, 
                "plan_b": true, 
                "priority": 0, 
                "quality_1": 1, 
                "quality_2": 0, 
                "quality_3": 2, 
                "server_1": 0, 
                "server_2": 0, 
                "server_3": 0
            }
        }, 
        "inkapelis": {
            "quality": [
                "default"
            ], 
            "servers": [
                "fembed", 
                "streampe", 
                "gounlimited", 
                "mystream", 
                "gvideo"
            ], 
            "settings": {
                "active": false, 
                "custom_quality": false, 
                "custom_servers": false, 
                "plan_b": true, 
                "priority": 0, 
                "quality_1": 0, 
                "quality_2": 0, 
                "quality_3": 0, 
                "server_1": 0, 
                "server_2": 1, 
                "server_3": 2
            }
        }, 
        "lacartoons": {
            "quality": [
                "default"
            ], 
            "servers": [
                "okru"
            ], 
            "settings": {
                "active": false, 
                "custom_quality": false, 
                "custom_servers": false, 
                "plan_b": true, 
                "priority": 0, 
                "quality_1": 0, 
                "quality_2": 0, 
                "quality_3": 0, 
                "server_1": 0, 
                "server_2": 0, 
                "server_3": 0
            }
        }, 
        "legalmentegratis": {
            "quality": [
                "default"
            ], 
            "servers": [
                "youtube"
            ], 
            "settings": {
                "active": true, 
                "custom_quality": false, 
                "custom_servers": false, 
                "plan_b": true, 
                "priority": 0, 
                "quality_1": 0, 
                "quality_2": 0, 
                "quality_3": 0, 
                "server_1": 0, 
                "server_2": 0, 
                "server_3": 0
            }
        }, 
        "madeintorrent": {
            "quality": [
                "default"
            ], 
            "servers": [
                "torrent"
            ], 
            "settings": {
                "active": false, 
                "custom_quality": false, 
                "custom_servers": false, 
                "plan_b": true, 
                "priority": 0, 
                "quality_1": 0, 
                "quality_2": 0, 
                "quality_3": 0, 
                "server_1": 0, 
                "server_2": 0, 
                "server_3": 0
            }
        }, 
        "magnetpelis": {
            "quality": [
                "default"
            ], 
            "servers": [
                "torrent"
            ], 
            "settings": {
                "active": false, 
                "custom_quality": false, 
                "custom_servers": false, 
                "plan_b": true, 
                "priority": 0, 
                "quality_1": 0, 
                "quality_2": 0, 
                "quality_3": 0, 
                "server_1": 0, 
                "server_2": 0, 
                "server_3": 0
            }
        }, 
        "mejortorrent": {
            "quality": [
                "default"
            ], 
            "servers": [
                "torrent"
            ], 
            "settings": {
                "active": false, 
                "custom_quality": false, 
                "custom_servers": false, 
                "plan_b": true, 
                "priority": 0, 
                "quality_1": 0, 
                "quality_2": 0, 
                "quality_3": 0, 
                "server_1": 0, 
                "server_2": 0, 
                "server_3": 0
            }
        }, 
        "mirapeliculas": {
            "quality": [
                "BR-Rip", 
                "HD-Rip", 
                "DVD-Rip", 
                "TS-HQ", 
                "TS-Screner", 
                "Cam", 
                "default"
            ], 
            "servers": [
                "streamango", 
                "streamplay", 
                "openload", 
                "okru"
            ], 
            "settings": {
                "active": false, 
                "custom_quality": false, 
                "custom_servers": false, 
                "plan_b": true, 
                "priority": 0, 
                "quality_1": 0, 
                "quality_2": 1, 
                "quality_3": 2, 
                "server_1": 0, 
                "server_2": 1, 
                "server_3": 2
            }
        }, 
        "newpct1": {
            "quality": [
                "default"
            ], 
            "servers": [
                "torrent"
            ], 
            "settings": {
                "active": false, 
                "custom_quality": false, 
                "custom_servers": false, 
                "plan_b": true, 
                "priority": 0, 
                "quality_1": 0, 
                "quality_2": 0, 
                "quality_3": 0, 
                "server_1": 0, 
                "server_2": 0, 
                "server_3": 0
            }
        }, 
        "pctfenix": {
            "quality": [
                "default"
            ], 
            "servers": [
                "torrent"
            ], 
            "settings": {
                "active": false, 
                "custom_quality": false, 
                "custom_servers": false, 
                "plan_b": true, 
                "priority": 0, 
                "quality_1": 0, 
                "quality_2": 0, 
                "quality_3": 0, 
                "server_1": 0, 
                "server_2": 0, 
                "server_3": 0
            }
        }, 
        "peliculasmaniac": {
            "quality": [
                "720p", 
                "HD 1080p", 
                "480p", 
                "360p", 
                "270p", 
                "default"
            ], 
            "servers": [
                "directo"
            ], 
            "settings": {
                "active": true, 
                "custom_quality": false, 
                "custom_servers": false, 
                "plan_b": true, 
                "priority": 0, 
                "quality_1": 0, 
                "quality_2": 1, 
                "quality_3": 2, 
                "server_1": 0, 
                "server_2": 0, 
                "server_3": 0
            }
        }, 
        "pelis24": {
            "quality": [
                "HD 1080p", 
                "HDRip", 
                "TS-Screener", 
                "default"
            ], 
            "servers": [
                "upstream", 
                "uqload", 
                "clipwatching", 
                "streamtape", 
                "aparat", 
                "steamz"
            ], 
            "settings": {
                "active": true, 
                "custom_quality": true, 
                "custom_servers": true, 
                "plan_b": true, 
                "priority": 1, 
                "quality_1": 0, 
                "quality_2": 1, 
                "quality_3": 2, 
                "server_1": 0, 
                "server_2": 3, 
                "server_3": 4
            }
        }, 
        "peliserieslive": {
            "quality": [
                "default"
            ], 
            "servers": [
                "Directo", 
                "Mixdrop", 
                "Directo", 
                "Directo", 
                "Directo", 
                "Fembed", 
                "Directo", 
                "Directo", 
                "Directo", 
                "Fembed", 
                "onefichier", 
                "Directo", 
                "Directo", 
                "Directo", 
                "Directo", 
                "Directo", 
                "Directo", 
                "player.treshost.com", 
                "Fembed", 
                "mediafire"
            ], 
            "settings": {
                "active": true, 
                "custom_quality": false, 
                "custom_servers": true, 
                "plan_b": true, 
                "priority": 0, 
                "quality_1": 0, 
                "quality_2": 0, 
                "quality_3": 0, 
                "server_1": 1, 
                "server_2": 0, 
                "server_3": 1
            }
        }, 
        "pelisflix": {
            "quality": [
                "default"
            ], 
            "servers": [
                "fembed", 
                "streamtape", 
                "gounlimited", 
                "directo"
            ], 
            "settings": {
                "active": false, 
                "custom_quality": false, 
                "custom_servers": false, 
                "plan_b": true, 
                "priority": 0, 
                "quality_1": 0, 
                "quality_2": 0, 
                "quality_3": 0, 
                "server_1": 0, 
                "server_2": 1, 
                "server_3": 2
            }
        }, 
        "pelishd24": {
            "quality": [
                "HD-1080p", 
                "HD", 
                "CAM", 
                "default"
            ], 
            "servers": [
                "okru", 
                "fembed", 
                "doodstream"
            ], 
            "settings": {
                "active": true, 
                "custom_quality": true, 
                "custom_servers": true, 
                "plan_b": true, 
                "priority": 1, 
                "quality_1": 0, 
                "quality_2": 1, 
                "quality_3": 2, 
                "server_1": 1, 
                "server_2": 0, 
                "server_3": 0
            }
        }, 
        "pelispanda": {
            "quality": [
                "default"
            ], 
            "servers": [
                "torrent"
            ], 
            "settings": {
                "active": false, 
                "custom_quality": false, 
                "custom_servers": false, 
                "plan_b": true, 
                "priority": 0, 
                "quality_1": 0, 
                "quality_2": 0, 
                "quality_3": 0, 
                "server_1": 0, 
                "server_2": 0, 
                "server_3": 0
            }
        }, 
        "pelisplay": {
            "quality": [
                "default"
            ], 
            "servers": [
                "rapidvideo", 
                "streamango", 
                "fastplay", 
                "openload"
            ], 
            "settings": {
                "active": false, 
                "custom_quality": false, 
                "custom_servers": false, 
                "plan_b": true, 
                "priority": 0, 
                "quality_1": 0, 
                "quality_2": 0, 
                "quality_3": 0, 
                "server_1": 0, 
                "server_2": 1, 
                "server_3": 2
            }
        }, 
        "pelisplusco": {
            "quality": [
                "360p", 
                "480p", 
                "720p", 
                "1080p", 
                "default"
            ], 
            "servers": [
                "mailru", 
                "openload", 
                "streamango", 
                "estream"
            ], 
            "settings": {
                "active": true, 
                "custom_quality": true, 
                "custom_servers": false, 
                "plan_b": true, 
                "priority": 0, 
                "quality_1": 3, 
                "quality_2": 2, 
                "quality_3": 1, 
                "server_1": 0, 
                "server_2": 1, 
                "server_3": 2
            }
        }, 
        "pelisvips": {
            "quality": [
                "FHD", 
                "TS", 
                "HD", 
                "HD", 
                "BR-S", 
                "default"
            ], 
            "servers": [
                "directo", 
                "fembed", 
                "rapidvideo", 
                "mega", 
                "vidlox", 
                "streamango", 
                "openload", 
                "streamtape"
            ], 
            "settings": {
                "active": true, 
                "custom_quality": false, 
                "custom_servers": false, 
                "plan_b": true, 
                "priority": 0, 
                "quality_1": 0, 
                "quality_2": 1, 
                "quality_3": 2, 
                "server_1": 3, 
                "server_2": 1, 
                "server_3": 2
            }
        }, 
        "pelix": {
            "quality": [
                "default"
            ], 
            "servers": [
                "zplayer", 
                "streamtape", 
                "mega", 
                "torrent"
            ], 
            "settings": {
                "active": false, 
                "custom_quality": false, 
                "custom_servers": false, 
                "plan_b": true, 
                "priority": 0, 
                "quality_1": 0, 
                "quality_2": 0, 
                "quality_3": 0, 
                "server_1": 0, 
                "server_2": 1, 
                "server_3": 2
            }
        }, 
        "pelkex": {
            "quality": [
                "default"
            ], 
            "servers": [
                "zplayer", 
                "streamtape", 
                "mega", 
                "torrent"
            ], 
            "settings": {
                "active": false, 
                "custom_quality": false, 
                "custom_servers": false, 
                "plan_b": true, 
                "priority": 0, 
                "quality_1": 0, 
                "quality_2": 0, 
                "quality_3": 0, 
                "server_1": 0, 
                "server_2": 1, 
                "server_3": 2
            }
        }, 
        "pepecine": {
            "quality": [
                "default"
            ], 
            "servers": [
                "rapidvideo", 
                "verystream", 
                "streamplay"
            ], 
            "settings": {
                "active": true, 
                "custom_quality": false, 
                "custom_servers": false, 
                "plan_b": true, 
                "priority": 0, 
                "quality_1": 0, 
                "quality_2": 0, 
                "quality_3": 0, 
                "server_1": 0, 
                "server_2": 1, 
                "server_3": 2
            }
        }, 
        "playview": {
            "quality": [
                "default"
            ], 
            "servers": [
                "upstream", 
                "cloudvideo", 
                "mixdrop", 
                "mystream", 
                "doodstream"
            ], 
            "settings": {
                "active": true, 
                "custom_quality": false, 
                "custom_servers": true, 
                "plan_b": true, 
                "priority": 0, 
                "quality_1": 0, 
                "quality_2": 0, 
                "quality_3": 0, 
                "server_1": 4, 
                "server_2": 3, 
                "server_3": 0
            }
        }, 
        "poseidonhd": {
            "quality": [
                "default"
            ], 
            "servers": [
                "gvideo", 
                "fembed"
            ], 
            "settings": {
                "active": true, 
                "custom_quality": false, 
                "custom_servers": false, 
                "plan_b": true, 
                "priority": 0, 
                "quality_1": 0, 
                "quality_2": 0, 
                "quality_3": 0, 
                "server_1": 0, 
                "server_2": 1, 
                "server_3": 0
            }
        }, 
        "rarbg": {
            "quality": [
                "default"
            ], 
            "servers": [
                "torrent"
            ], 
            "settings": {
                "active": true, 
                "custom_quality": false, 
                "custom_servers": false, 
                "plan_b": true, 
                "priority": 0, 
                "quality_1": 0, 
                "quality_2": 0, 
                "quality_3": 0, 
                "server_1": 0, 
                "server_2": 0, 
                "server_3": 0
            }
        }, 
        "repelis": {
            "quality": [
                "SD", 
                "HD", 
                "default"
            ], 
            "servers": [
                "rapidvideo", 
                "streamango", 
                "fastplay", 
                "openload", 
                "netu", 
                "vidoza", 
                "uptobox"
            ], 
            "settings": {
                "active": true, 
                "custom_quality": true, 
                "custom_servers": false, 
                "plan_b": true, 
                "priority": 0, 
                "quality_1": 1, 
                "quality_2": 2, 
                "quality_3": 0, 
                "server_1": 0, 
                "server_2": 1, 
                "server_3": 2
            }
        }, 
        "seodiv": {
            "quality": [
                "default"
            ], 
            "servers": [
                "sendvid", 
                "okru"
            ], 
            "settings": {
                "active": true, 
                "custom_quality": false, 
                "custom_servers": false, 
                "plan_b": true, 
                "priority": 0, 
                "quality_1": 0, 
                "quality_2": 0, 
                "quality_3": 0, 
                "server_1": 0, 
                "server_2": 1, 
                "server_3": 0
            }
        }, 
        "seriesblanco": {
            "quality": [
                "SD", 
                "Micro-HD-720p", 
                "720p", 
                "HDitunes", 
                "Micro-HD-1080p", 
                "default"
            ], 
            "servers": [
                "powvideo", 
                "yourupload", 
                "openload", 
                "gamovideo", 
                "flashx", 
                "clipwatching", 
                "streamango", 
                "streamcloud"
            ], 
            "settings": {
                "active": true, 
                "custom_quality": true, 
                "custom_servers": false, 
                "plan_b": true, 
                "priority": 0, 
                "quality_1": 4, 
                "quality_2": 1, 
                "quality_3": 2, 
                "server_1": 0, 
                "server_2": 1, 
                "server_3": 2
            }
        }, 
        "seriesdanko": {
            "quality": [
                "default"
            ], 
            "servers": [
                "powvideo", 
                "gamovideo", 
                "streamplay", 
                "flashx", 
                "nowvideo", 
                "thevideo"
            ], 
            "settings": {
                "active": true, 
                "custom_quality": false, 
                "custom_servers": false, 
                "plan_b": true, 
                "priority": 0, 
                "quality_1": 0, 
                "quality_2": 0, 
                "quality_3": 0, 
                "server_1": 0, 
                "server_2": 1, 
                "server_3": 2
            }
        }, 
        "seriesflix": {
            "quality": [
                "default"
            ], 
            "servers": [
                "uqload", 
                "fembed", 
                "mixdrop", 
                "supervideo", 
                "mystream"
            ], 
            "settings": {
                "active": true, 
                "custom_quality": false, 
                "custom_servers": true, 
                "plan_b": true, 
                "priority": 0, 
                "quality_1": 0, 
                "quality_2": 0, 
                "quality_3": 0, 
                "server_1": 4, 
                "server_2": 2, 
                "server_3": 1
            }
        }, 
        "seriesflv": {
            "quality": [
                "default"
            ], 
            "servers": [
                "powvideo", 
                "gamovideo", 
                "streamplay", 
                "flashx", 
                "nowvideo", 
                "thevideo"
            ], 
            "settings": {
                "active": true, 
                "custom_quality": false, 
                "custom_servers": false, 
                "plan_b": true, 
                "priority": 0, 
                "quality_1": 0, 
                "quality_2": 0, 
                "quality_3": 0, 
                "server_1": 0, 
                "server_2": 1, 
                "server_3": 2
            }
        }, 
        "serieskao": {
            "quality": [
                "default"
            ], 
            "servers": [
                "gvideo", 
                "fembed", 
                "directo", 
                "zplayer", 
                "streamsb"
            ], 
            "settings": {
                "active": true, 
                "custom_quality": false, 
                "custom_servers": false, 
                "plan_b": true, 
                "priority": 0, 
                "quality_1": 0, 
                "quality_2": 0, 
                "quality_3": 0, 
                "server_1": 0, 
                "server_2": 1, 
                "server_3": 2
            }
        }, 
        "serieslan": {
            "quality": [
                "default"
            ], 
            "servers": [], 
            "settings": {
                "active": true, 
                "custom_quality": false, 
                "custom_servers": false, 
                "plan_b": true, 
                "priority": 0, 
                "quality_1": 0, 
                "quality_2": 0, 
                "quality_3": 0, 
                "server_1": 0, 
                "server_2": 0, 
                "server_3": 0
            }
        }, 
        "seriesmetro": {
            "quality": [
                "default"
            ], 
            "servers": [
                "cinemaupload"
            ], 
            "settings": {
                "active": true, 
                "custom_quality": false, 
                "custom_servers": false, 
                "plan_b": true, 
                "priority": 0, 
                "quality_1": 0, 
                "quality_2": 0, 
                "quality_3": 0, 
                "server_1": 0, 
                "server_2": 0, 
                "server_3": 0
            }
        }, 
        "shahid4u": {
            "quality": [
                "1080p", 
                "720p", 
                "360p", 
                "default"
            ], 
            "servers": [
                "uptobox", 
                "vidhd", 
                "okru"
            ], 
            "settings": {
                "active": true, 
                "custom_quality": true, 
                "custom_servers": false, 
                "plan_b": true, 
                "priority": 0, 
                "quality_1": 0, 
                "quality_2": 1, 
                "quality_3": 2, 
                "server_1": 0, 
                "server_2": 1, 
                "server_3": 2
            }
        }, 
        "status": true, 
        "tucineclasico": {
            "quality": [
                "default"
            ], 
            "servers": [
                "supervideo"
            ], 
            "settings": {
                "active": true, 
                "custom_quality": false, 
                "custom_servers": false, 
                "plan_b": true, 
                "priority": 0, 
                "quality_1": 0, 
                "quality_2": 0, 
                "quality_3": 0, 
                "server_1": 0, 
                "server_2": 0, 
                "server_3": 0
            }
        }, 
        "tupelicula": {
            "quality": [
                "default"
            ], 
            "servers": [
                "xdrive", 
                "bitertv", 
                "okru"
            ], 
            "settings": {
                "active": true, 
                "custom_quality": false, 
                "custom_servers": false, 
                "plan_b": true, 
                "priority": 0, 
                "quality_1": 0, 
                "quality_2": 0, 
                "quality_3": 0, 
                "server_1": 0, 
                "server_2": 1, 
                "server_3": 2
            }
        }, 
        "tvanime": {
            "quality": [
                "default"
            ], 
            "servers": [
                "directo", 
                "openload", 
                "streamango"
            ], 
            "settings": {
                "active": true, 
                "custom_quality": false, 
                "custom_servers": false, 
                "plan_b": true, 
                "priority": 0, 
                "quality_1": 0, 
                "quality_2": 0, 
                "quality_3": 0, 
                "server_1": 0, 
                "server_2": 1, 
                "server_3": 2
            }
        }, 
        "vi2": {
            "quality": [
                "Full HD 1080p", 
                "HDRip", 
                "DVDScreener", 
                "720p", 
                "Ts Screener hq", 
                "HD Real 720p", 
                "DVDRip", 
                "BluRay-1080p", 
                "BDremux-1080p", 
                "default"
            ], 
            "servers": [
                "directo", 
                "openload", 
                "rapidvideo", 
                "jawcloud", 
                "cloudvideo", 
                "upvid", 
                "vevio", 
                "gamovideo", 
                "gvideo"
            ], 
            "settings": {
                "active": true, 
                "custom_quality": true, 
                "custom_servers": false, 
                "plan_b": true, 
                "priority": 0, 
                "quality_1": 0, 
                "quality_2": 7, 
                "quality_3": 5, 
                "server_1": 0, 
                "server_2": 1, 
                "server_3": 2
            }
        }, 
        "watchseries": {
            "quality": [
                "default"
            ], 
            "servers": [
                "directo", 
                "xstreamcdn"
            ], 
            "settings": {
                "active": true, 
                "custom_quality": false, 
                "custom_servers": false, 
                "plan_b": true, 
                "priority": 0, 
                "quality_1": 0, 
                "quality_2": 0, 
                "quality_3": 0, 
                "server_1": 0, 
                "server_2": 1, 
                "server_3": 0
            }
        }, 
        "yape": {
            "quality": [
                "HD 720", 
                "DVD Rip", 
                "HD Rip", 
                "TS Screnner", 
                "BR Screnner", 
                "HD 1080p", 
                "DVD Screnner", 
                "TS Screener HQ", 
                "default"
            ], 
            "servers": [
                "streamango", 
                "powvideo", 
                "openload", 
                "streamplay", 
                "vidoza", 
                "clipwaching"
            ], 
            "settings": {
                "active": true, 
                "custom_quality": false, 
                "custom_servers": false, 
                "plan_b": true, 
                "priority": 0, 
                "quality_1": 0, 
                "quality_2": 1, 
                "quality_3": 2, 
                "server_1": 0, 
                "server_2": 1, 
                "server_3": 2
            }
        }, 
        "zooqle": {
            "quality": [
                "default"
            ], 
            "servers": [
                "torrent"
            ], 
            "settings": {
                "active": true, 
                "custom_quality": false, 
                "custom_servers": false, 
                "plan_b": true, 
                "priority": 0, 
                "quality_1": 0, 
                "quality_2": 0, 
                "quality_3": 0, 
                "server_1": 0, 
                "server_2": 0, 
                "server_3": 0
            }
        }, 
        "zoowoman": {
            "quality": [
                "720p", 
                "480p", 
                "default"
            ], 
            "servers": [
                "mega", 
                "archiveorg", 
                "wetube", 
                "peertube"
            ], 
            "settings": {
                "active": true, 
                "custom_quality": false, 
                "custom_servers": false, 
                "plan_b": true, 
                "priority": 0, 
                "quality_1": 0, 
                "quality_2": 1, 
                "quality_3": 2, 
                "server_1": 0, 
                "server_2": 1, 
                "server_3": 2
            }
        }
    }
}