{
    "settings": {
        "DOWNLOADER_in_use": false,
        "RESTART_DOWNLOADS": false,
        "block_size": 1,
        "browser": true,
        "language": 0,
        "library_add": false,
        "library_move": false,
        "max_buffer": 5,
        "max_connections": 4,
        "part_size": 1,
        "quality": 0,
        "server_reorder": 1,
        "server_speed": true,
        "torrent_paths_list": [
            [
                "BT",
                "C:/Users/HP/AppData/Roaming/Kodi/userdata/addon_data/plugin.video.alfa/downloads/BT-torrents"
            ],
            [
                "MCT",
                "C:/Users/HP/AppData/Roaming/Kodi/userdata/addon_data/plugin.video.alfa/downloads/MCT-torrent-videos"
            ],
            [
                "torrest",
                "/storage/emulated/0/Android/data/media.center.stvamatrix/files/.kodi/userdata/addon_data/plugin.video.torrest/downloads"
            ]
        ]
    }
}