{
    "settings": {
        "DOWNLOADER_in_use": false,
        "RESTART_DOWNLOADS": false,
        "block_size": 1,
        "browser": true,
        "enable_expermental_downloads": false,
        "language": 0,
        "library_add": false,
        "library_move": false,
        "max_buffer": 5,
        "max_connections": 4,
        "move_to_remote": [],
        "part_size": 1,
        "quality": 0,
        "server_reorder": 1,
        "server_speed": true,
        "torrent_paths": true,
        "torrent_paths_list": [
            [
                "BT",
                "C:\\Users\\wintt\\AppData\\Roaming\\Kodi\\userdata\\addon_data\\plugin.video.alfa\\downloads"
            ],
            [
                "MCT",
                "C:\\Users\\wintt\\AppData\\Roaming\\Kodi\\userdata\\addon_data\\plugin.video.alfa\\downloads"
            ],
            [
                "torrest",
                "C:\\Users\\wintt\\AppData\\Roaming\\Kodi\\userdata\\addon_data\\plugin.video.torrest\\downloads"
            ]
        ],
        "torrent_quality": 0
    }
}