<?xml version="1.0" encoding="utf-8"?>
<window type="dialog" id="1123">
	<defaultcontrol always="true">11000</defaultcontrol>
	<include>Animation_DialogPopupOpenClose</include>
	<controls>
		<control type="group">
			<centerleft>50%</centerleft>
			<height>660</height>
			<centertop>50%</centertop>
			<width>1000</width>
			<include content="DialogBackgroundCommons">
				<param name="width" value="1000" />
				<param name="height" value="670" />
				<param name="header_label" value="$LOCALIZE[40098]" />
				<param name="header_id" value="1" />
			</include>
			<control type="group" id="11000">
				<left>0</left>
				<top>80</top>
				<control type="grouplist" id="11100">
					<width>1000</width>
					<height>560</height>
					<itemgap>0</itemgap>
					<orientation>vertical</orientation>
					<control type="radiobutton" id="11111">
						<label>$LOCALIZE[40097] : $LOCALIZE[31148]</label>
						<include>DefaultSettingButton</include>
						<selected>Skin.HasSetting(hide_moviescategory)</selected>
						<onclick>Skin.ToggleSetting(hide_moviescategory)</onclick>
					</control>
					<control type="radiobutton" id="11112">
						<label>$LOCALIZE[40097] : $LOCALIZE[20386]</label>
						<include>DefaultSettingButton</include>
						<selected>Skin.HasSetting(hide_recentlymovies)</selected>
						<onclick>Skin.ToggleSetting(hide_recentlymovies)</onclick>
					</control>
					<control type="radiobutton" id="11113">
						<label> ∟$LOCALIZE[40018]</label>
						<include>DefaultSettingButton</include>
						<selected>Skin.HasSetting(HideWatchedMoviesFromRecently)</selected>
						<onclick>Skin.ToggleSetting(HideWatchedMoviesFromRecently)</onclick>
						<enable>!Skin.HasSetting(hide_recentlymovies)</enable>
					</control>
					<control type="radiobutton" id="11114">
						<label>$LOCALIZE[40097] : $LOCALIZE[31010]</label>
						<include>DefaultSettingButton</include>
						<selected>Skin.HasSetting(hide_inprogressmovies)</selected>
						<onclick>Skin.ToggleSetting(hide_inprogressmovies)</onclick>
					</control>
					<control type="radiobutton" id="11115">
						<label>$LOCALIZE[40097] : $LOCALIZE[31007]</label>
						<include>DefaultSettingButton</include>
						<selected>Skin.HasSetting(hide_unwatchedmovies)</selected>
						<onclick>Skin.ToggleSetting(hide_unwatchedmovies)</onclick>
					</control>
					<control type="radiobutton" id="11116">
						<label>$LOCALIZE[40097] : $LOCALIZE[31006]</label>
						<include>DefaultSettingButton</include>
						<selected>Skin.HasSetting(hide_randommovies)</selected>
						<onclick>Skin.ToggleSetting(hide_randommovies)</onclick>
					</control>
					<control type="radiobutton" id="11119">
						<label>$LOCALIZE[40097] : $LOCALIZE[31174]</label>
						<include>DefaultSettingButton</include>
						<selected>Skin.HasSetting(hide_ppopularesalfa)</selected>
						<onclick>Skin.ToggleSetting(hide_ppopularesalfa)</onclick>
						<onclick condition="!System.HasAddon(plugin.video.alfa)">InstallAddon(plugin.video.alfa)</onclick>															
					</control>
					<control type="radiobutton" id="11120">
						<label>$LOCALIZE[40097] : $LOCALIZE[31182]</label>
						<include>DefaultSettingButton</include>
						<selected>Skin.HasSetting(hide_pcinealfa)</selected>
						<onclick>Skin.ToggleSetting(hide_pcinealfa)</onclick>
						<onclick condition="!System.HasAddon(plugin.video.alfa)">InstallAddon(plugin.video.alfa)</onclick>															
					</control>
					<control type="radiobutton" id="11121">
						<label>$LOCALIZE[40097] : $LOCALIZE[31179]</label>
						<include>DefaultSettingButton</include>
						<selected>Skin.HasSetting(hide_pvaloradasalfa)</selected>
						<onclick>Skin.ToggleSetting(hide_pvaloradasalfa)</onclick>
						<onclick condition="!System.HasAddon(plugin.video.alfa)">InstallAddon(plugin.video.alfa)</onclick>															
					</control>
					<control type="radiobutton" id="11122">
						<label>$LOCALIZE[40097] : $LOCALIZE[31183]</label>
						<include>DefaultSettingButton</include>
						<selected>Skin.HasSetting(hide_pgenerosalfa)</selected>
						<onclick>Skin.ToggleSetting(hide_pgenerosalfa)</onclick>
						<onclick condition="!System.HasAddon(plugin.video.alfa)">InstallAddon(plugin.video.alfa)</onclick>															
					</control>
					<control type="radiobutton" id="11123">
						<label>$LOCALIZE[40097] : $LOCALIZE[31181]</label>
						<include>DefaultSettingButton</include>
						<selected>Skin.HasSetting(hide_pyearalfa)</selected>
						<onclick>Skin.ToggleSetting(hide_pyearalfa)</onclick>
						<onclick condition="!System.HasAddon(plugin.video.alfa)">InstallAddon(plugin.video.alfa)</onclick>															
					</control>
				</control>
			</control>
		</control>
	</controls>
</window>
