<?xml version="1.0" encoding="utf-8"?>
<window type="dialog" id="1150">
	<defaultcontrol always="true">312</defaultcontrol>
	<include>Animation_DialogPopupOpenClose</include>
	<controls>
		<control type="group">
			<centerleft>50%</centerleft>
			<centertop>50%</centertop>
			<height>450</height>
			<width>1050</width>
			<include content="DialogBackgroundCommons">
				<param name="width" value="1050" />
				<param name="height" value="450" />
				<param name="header_label" value="$LOCALIZE[31207]" />
				<param name="header_id" value="1" />
			</include>
			<control type="grouplist" id="9000">
				<orientation>vertical</orientation>
				<left>25</left>
				<top>100</top>
				<width>1000</width>
				<align>center</align>
				<control type="label" id ="308">
					<align>center</align>
					<font>font25_title</font>
					<height>250</height>
					<label>$LOCALIZE[31206]</label>
				</control>	
				<control type="button" id="312">
					<height>100</height>
					<label>$LOCALIZE[31201]</label>
					<font>font25_title</font>
					<textoffsetx>30</textoffsetx>
					<onclick>Dialog.Close(1150)</onclick>
					<align>center</align>
					<texturefocus border="40" colordiffuse="$VAR[SkinColorVar]">buttons/dialogbutton-fo.png</texturefocus>
					<texturenofocus border="40">buttons/dialogbutton-nofo.png</texturenofocus>
				</control>
			</control>
		</control>
	</controls>
</window>