<?xml version="1.0" encoding="utf-8"?>
<window type="dialog" id="1149">
	<defaultcontrol always="true">322</defaultcontrol>
	<include>Animation_DialogPopupOpenClose</include>
	<controls>
		<control type="group">
			<centerleft>50%</centerleft>
			<centertop>50%</centertop>
			<height>920</height>
			<width>1400</width>
			<include content="DialogBackgroundCommons">
				<param name="width" value="1400" />
				<param name="height" value="920" />
				<param name="header_label" value="$LOCALIZE[31199]" />
				<param name="header_id" value="1" />
			</include>
			<control type="grouplist" id="9000">
				<orientation>vertical</orientation>
				<left>0</left>
				<top>100</top>
				<width>1400</width>
				<align>center</align>
				<control type="label" id="313">
					<top>250</top>
					<font>font25_title</font>
					<align>center</align>
					<height>50</height>
					<label>[B]$LOCALIZE[31204][/B]</label>
				</control>	
				<control type="radiobutton" id="322">
					<label>Alfa-Addon $INFO[System.AddonVersion(plugin.video.alfa),(,)] - Películas y Series</label>
					<textureradioonfocus colordiffuse="ffffffff">buttons/status-on.png</textureradioonfocus>
					<textureradioonnofocus colordiffuse="ffffffff">buttons/status-on.png</textureradioonnofocus>
					<textureradioofffocus colordiffuse="fff02222">buttons/status-off.png</textureradioofffocus>
					<textureradiooffnofocus colordiffuse="fff02222">buttons/status-off.png</textureradiooffnofocus>
					<onclick condition="!System.HasAddon(plugin.video.alfa)">InstallAddon(plugin.video.alfa)</onclick>
					<onclick condition="!System.HasAddon(repository.alfa-addon)">InstallAddon(repository.alfa-addon)</onclick>
					<onclick condition="System.HasAddon(plugin.video.alfa)">Addon.OpenSettings(plugin.video.alfa)</onclick>
					<selected>System.HasAddon(plugin.video.alfa)</selected>
					<include>DefaultSettingButton</include>
				</control>
				<control type="radiobutton" id="323">
					<label>Winner $INFO[System.AddonVersion(plugin.video.winner),(,)] - Deportes</label>
					<textureradioonfocus colordiffuse="ffffffff">buttons/status-on.png</textureradioonfocus>
					<textureradioonnofocus colordiffuse="ffffffff">buttons/status-on.png</textureradioonnofocus>
					<textureradioofffocus colordiffuse="fff02222">buttons/status-off.png</textureradioofffocus>
					<textureradiooffnofocus colordiffuse="fff02222">buttons/status-off.png</textureradiooffnofocus>
					<onclick condition="!System.HasAddon(plugin.video.winner)">InstallAddon(plugin.video.winner)</onclick>
					<onclick condition="System.HasAddon(plugin.video.winner)">Addon.OpenSettings(plugin.video.winner)</onclick>
					<selected>System.HasAddon(plugin.video.winner)</selected>
					<include>DefaultSettingButton</include>
				</control>
				<control type="radiobutton" id="324">
					<label>Cristal Azul $INFO[System.AddonVersion(plugin.video.cristalazul),(,)] - Televisión, Películas, Series, Entretenimiento</label>
					<textureradioonfocus colordiffuse="ffffffff">buttons/status-on.png</textureradioonfocus>
					<textureradioonnofocus colordiffuse="ffffffff">buttons/status-on.png</textureradioonnofocus>
					<textureradioofffocus colordiffuse="fff02222">buttons/status-off.png</textureradioofffocus>
					<textureradiooffnofocus colordiffuse="fff02222">buttons/status-off.png</textureradiooffnofocus>
					<onclick condition="!System.HasAddon(plugin.video.cristalazul)">InstallAddon(plugin.video.cristalazul)</onclick>
					<onclick condition="System.HasAddon(plugin.video.cristalazul)">Addon.OpenSettings(plugin.video.cristalazul)</onclick>
					<selected>System.HasAddon(plugin.video.cristalazul)</selected>
					<include>DefaultSettingButton</include>
				</control>
				<control type="radiobutton" id="325">
					<label>PVR IPTV Simple Client $INFO[System.AddonVersion(pvr.iptvsimple),(,)] - Ver Listas IPTV</label>
					<textureradioonfocus colordiffuse="ffffffff">buttons/status-on.png</textureradioonfocus>
					<textureradioonnofocus colordiffuse="ffffffff">buttons/status-on.png</textureradioonnofocus>
					<textureradioofffocus colordiffuse="fff02222">buttons/status-off.png</textureradioofffocus>
					<textureradiooffnofocus colordiffuse="fff02222">buttons/status-off.png</textureradiooffnofocus>
					<onclick condition="!System.HasAddon(pvr.iptvsimple)">InstallAddon(pvr.iptvsimple)</onclick>																		
					<onclick condition="System.HasAddon(pvr.iptvsimple)">Addon.OpenSettings(pvr.iptvsimple)</onclick>
					<selected>System.HasAddon(pvr.iptvsimple)</selected>
					<include>DefaultSettingButton</include>
				</control>
				<control type="radiobutton" id="326">
					<label>Torrest $INFO[System.AddonVersion(plugin.video.torrest),(,)] - Gestor Torrent</label>
					<textureradioonfocus colordiffuse="ffffffff">buttons/status-on.png</textureradioonfocus>
					<textureradioonnofocus colordiffuse="ffffffff">buttons/status-on.png</textureradioonnofocus>
					<textureradioofffocus colordiffuse="fff02222">buttons/status-off.png</textureradioofffocus>
					<textureradiooffnofocus colordiffuse="fff02222">buttons/status-off.png</textureradiooffnofocus>
					<onclick condition="!System.HasAddon(repoository.github)">InstallAddon(repository.github)</onclick>																		
					<onclick condition="!System.HasAddon(plugin.video.torrest)">InstallAddon(plugin.video.torrest)</onclick>																		
					<onclick condition="System.HasAddon(plugin.video.torrest)">Addon.OpenSettings(plugin.video.torrest)</onclick>
					<selected>System.HasAddon(plugin.video.torrest)</selected>
					<include>DefaultSettingButton</include>
				</control>
				<control type="radiobutton" id="327">
					<label>Gismeteo $INFO[System.AddonVersion(weather.gismeteo),(,)] - Addon del Tiempo</label>
					<textureradioonfocus colordiffuse="ffffffff">buttons/status-on.png</textureradioonfocus>
					<textureradioonnofocus colordiffuse="ffffffff">buttons/status-on.png</textureradioonnofocus>
					<textureradioofffocus colordiffuse="fff02222">buttons/status-off.png</textureradioofffocus>
					<textureradiooffnofocus colordiffuse="fff02222">buttons/status-off.png</textureradiooffnofocus>
					<onclick condition="!System.HasAddon(weather.gismeteo)">InstallAddon(weather.gismeteo)</onclick>
					<onclick condition="System.HasAddon(weather.gismeteo)">Addon.OpenSettings(weather.gismeteo)</onclick>
					<selected>System.HasAddon(weather.gismeteo)</selected>
					<include>DefaultSettingButton</include>
				</control>
				<control type="radiobutton" id="315">
					<label>YouTube $INFO[System.AddonVersion(plugin.video.youtube),(,)]</label>
					<textureradioonfocus colordiffuse="ffffffff">buttons/status-on.png</textureradioonfocus>
					<textureradioonnofocus colordiffuse="ffffffff">buttons/status-on.png</textureradioonnofocus>
					<textureradioofffocus colordiffuse="fff02222">buttons/status-off.png</textureradioofffocus>
					<textureradiooffnofocus colordiffuse="fff02222">buttons/status-off.png</textureradiooffnofocus>
					<onclick condition="!System.HasAddon(plugin.video.youtube)">InstallAddon(plugin.video.youtube)</onclick>
					<onclick condition="System.HasAddon(plugin.video.youtube)">Addon.OpenSettings(plugin.video.youtube)</onclick>
					<selected>System.HasAddon(plugin.video.youtube)</selected>
					<include>DefaultSettingButton</include>
				</control>
				<control type="radiobutton" id="318">
					<label>Movie Genres Icons $INFO[System.AddonVersion(resource.images.moviegenreicons.filmstrip-hd.colour),(,)] - Iconos de Géneros de Películas</label>
					<textureradioonfocus colordiffuse="ffffffff">buttons/status-on.png</textureradioonfocus>
					<textureradioonnofocus colordiffuse="ffffffff">buttons/status-on.png</textureradioonnofocus>
					<textureradioofffocus colordiffuse="fff02222">buttons/status-off.png</textureradioofffocus>
					<textureradiooffnofocus colordiffuse="fff02222">buttons/status-off.png</textureradiooffnofocus>
					<onclick condition="!System.HasAddon(resource.images.moviegenreicons.filmstrip-hd.colour)">InstallAddon(resource.images.moviegenreicons.filmstrip-hd.colour)</onclick>
					<onclick condition="System.HasAddon(resource.images.moviegenreicons.filmstrip-hd.colour)">Addon.OpenSettings(resource.images.moviegenreicons.filmstrip-hd.colour)</onclick>
					<selected>System.HasAddon(resource.images.moviegenreicons.filmstrip-hd.colour)</selected>
					<include>DefaultSettingButton</include>
				</control>
				<control type="radiobutton" id="309">
					<label>Movie Country Icons $INFO[System.AddonVersion(resource.images.moviecountryicons.flags,(,)] - Banderas de Paises e Idiomas</label>
					<textureradioonfocus colordiffuse="ffffffff">buttons/status-on.png</textureradioonfocus>
					<textureradioonnofocus colordiffuse="ffffffff">buttons/status-on.png</textureradioonnofocus>
					<textureradioofffocus colordiffuse="fff02222">buttons/status-off.png</textureradioofffocus>
					<textureradiooffnofocus colordiffuse="fff02222">buttons/status-off.png</textureradiooffnofocus>
					<onclick condition="!System.HasAddon(resource.images.moviegenreicons.estuarymod)">InstallAddon(resource.images.moviecountryicons.flags)</onclick>
					<onclick condition="System.HasAddon(resource.images.moviegenreicons.estuarymod)">Addon.OpenSettings(resource.images.moviecountryicons.flags)</onclick>
					<selected>System.HasAddon(resource.images.moviecountryicons.flags)</selected>
					<include>DefaultSettingButton</include>
				</control>				
				<control type="radiobutton" id="310">
					<label>Images Studios Coloured $INFO[System.AddonVersion(resource.images.studios.coloured,(,)] - Iconos de Estudios en color</label>
					<textureradioonfocus colordiffuse="ffffffff">buttons/status-on.png</textureradioonfocus>
					<textureradioonnofocus colordiffuse="ffffffff">buttons/status-on.png</textureradioonnofocus>
					<textureradioofffocus colordiffuse="fff02222">buttons/status-off.png</textureradioofffocus>
					<textureradiooffnofocus colordiffuse="fff02222">buttons/status-off.png</textureradiooffnofocus>
					<onclick condition="!System.HasAddon(resource.images.moviegenreicons.estuarymod)">InstallAddon(resource.images.studios.coloured)</onclick>
					<onclick condition="System.HasAddon(resource.images.moviegenreicons.estuarymod)">Addon.OpenSettings(resource.images.studios.coloured)</onclick>
					<selected>System.HasAddon(resource.images.studios.coloured)</selected>
					<include>DefaultSettingButton</include>
				</control>				
				<control type="radiobutton" id="304">
					<label>Skin Helper Service $INFO[System.AddonVersion(script.skin.helper.service),(,)] - Arte para Películas y Series</label>
					<textureradioonfocus colordiffuse="ffffffff">buttons/status-on.png</textureradioonfocus>
					<textureradioonnofocus colordiffuse="ffffffff">buttons/status-on.png</textureradioonnofocus>
					<textureradioofffocus colordiffuse="fff02222">buttons/status-off.png</textureradioofffocus>
					<textureradiooffnofocus colordiffuse="fff02222">buttons/status-off.png</textureradiooffnofocus>
					<onclick condition="!System.HasAddon(script.skin.helper.service)">InstallAddon(script.skin.helper.service)</onclick>
					<onclick condition="System.HasAddon(script.skin.helper.service)">Addon.OpenSettings(script.skin.helper.service)</onclick>
					<selected>System.HasAddon(script.skin.helper.service)</selected>
					<include>DefaultSettingButton</include>
				</control>
				<control type="radiobutton" id="305">
					<label>Skin Helper Service Widgets $INFO[System.AddonVersion(script.skin.helper.widgets),(,)] - Arte para los widgets</label>
					<textureradioonfocus colordiffuse="ffffffff">buttons/status-on.png</textureradioonfocus>
					<textureradioonnofocus colordiffuse="ffffffff">buttons/status-on.png</textureradioonnofocus>
					<textureradioofffocus colordiffuse="fff02222">buttons/status-off.png</textureradioofffocus>
					<textureradiooffnofocus colordiffuse="fff02222">buttons/status-off.png</textureradiooffnofocus>
					<onclick condition="!System.HasAddon(script.skin.helper.widgets)">InstallAddon(script.skin.helper.widgets)</onclick>
					<onclick condition="System.HasAddon(script.skin.helper.widgets)">Addon.OpenSettings(script.skin.helper.widgets)</onclick>
					<selected>System.HasAddon(script.skin.helper.widgets)</selected>
					<include>DefaultSettingButton</include>
				</control>
				<control type="radiobutton" id="306">
					<label>Image Resource Select Addon $INFO[System.AddonVersion(script.image.resource.select),(,)] - Selector de imágenes para el Skin</label>
					<textureradioonfocus colordiffuse="ffffffff">buttons/status-on.png</textureradioonfocus>
					<textureradioonnofocus colordiffuse="ffffffff">buttons/status-on.png</textureradioonnofocus>
					<textureradioofffocus colordiffuse="fff02222">buttons/status-off.png</textureradioofffocus>
					<textureradiooffnofocus colordiffuse="fff02222">buttons/status-off.png</textureradiooffnofocus>
					<onclick condition="!System.HasAddon(script.image.resource.select)">InstallAddon(script.image.resource.select)</onclick>
					<onclick condition="System.HasAddon(script.image.resource.select)">Addon.OpenSettings(script.image.resource.select)</onclick>
					<selected>System.HasAddon(script.image.resource.select)</selected>
					<include>DefaultSettingButton</include>
				</control>
				<control type="button" id="308">
					<height>100</height>
					<label>$LOCALIZE[31201]</label>
					<font>font25_title</font>
					<textoffsetx>30</textoffsetx>
					<onclick>Skin.ToggleSetting(RequiredAddons)</onclick>
					<onclick>Dialog.Close(1149)</onclick>
					<onclick>ActivateWindow(1150)</onclick>
					<align>center</align>
					<texturefocus border="40" colordiffuse="$VAR[SkinColorVar]">buttons/dialogbutton-fo.png</texturefocus>
					<texturenofocus border="40">buttons/dialogbutton-nofo.png</texturenofocus>
				</control>
			</control>
		</control>
	</controls>
</window>