<?xml version="1.0" encoding="utf-8"?>
<window type="dialog" id="1144">
	<defaultcontrol>1999</defaultcontrol>
	<coordinates>
		<left>0</left>
		<top>0</top>
	</coordinates>
	<controls>
		<control type="image">
			<include>fullscreenimage</include>
			<texture colordiffuse="mask-background">background-mask.png</texture>
			<aspectratio>scale</aspectratio>
		</control>
		<control type="image">
			<!-- Dialog background image -->
			<centerleft>50%</centerleft>
			<top>355</top>
			<width>590</width>
			<height>195</height>
			<texture border="14">button-menu-background.png</texture>
		</control>
		<control type="grouplist">
			<centerleft>50%</centerleft>
			<top>300</top>
			<width>590</width>
			<height>52</height>
			<align>center</align>
			<aligny>center</aligny>
			<orientation>horizontal</orientation>
			<control type="label">
				<!-- Dialog heading -->
				<width max="750">auto</width>
				<height>52</height>
				<wrapmultiline>true</wrapmultiline>
				<aligny>top</aligny>
				<label>Escoge el tipo de Widget</label>
				<font>ctouch23w</font>
			</control>
		</control>
		<control type="button">
			<!-- Touch mouse close button -->
			<right>15</right>
			<bottom>15</bottom>
			<width>180</width>
			<height>75</height>
			<texturefocus colordiffuse="$VAR[AccentColor]">backtransparent.png</texturefocus>
			<texturenofocus colordiffuse="midgrey">backtransparent.png</texturenofocus>
			<onclick>Dialog.Close(1144)</onclick>
			<align>center</align>
			<aligny>center</aligny>
			<label>Cerrar</label>
			<font>ctouch19</font>
			<visible>Skin.HasSetting(menulittle)</visible>
		</control>
		<control type="panel" id="1999">
			<centerleft>50%</centerleft>
			<centertop>51%</centertop>
			<width>540</width>
			<height>350</height>
			<onleft>Close</onleft>
			<onright>Close</onright>
			<aligny>top</aligny>
			<itemlayout width="540" height="75">
				<control type="label">
					<centerleft>50%</centerleft>
					<align>center</align>
					<top>20</top>
					<width>540</width>
					<height>36</height>
					<font>ctouch22</font>
					<label>$INFO[ListItem.Label]</label>
				</control>
			</itemlayout>
			<focusedlayout width="540" height="75">
				<control type="image">
					<left>0</left>
					<top>0</top>
					<width>540</width>
					<height>75</height>
					<texture border="9" colordiffuse="$VAR[AccentColor]">button-default-white.png</texture>
				</control>
				<control type="label">
					<centerleft>50%</centerleft>
					<align>center</align>
					<top>20</top>
					<width>540</width>
					<height>36</height>
					<font>ctouch22</font>
					<label>$INFO[ListItem.Label]</label>
				</control>
			</focusedlayout>
			<content>
				<item>
					<label>Póster</label>
					<onclick>Dialog.Close(1144)</onclick>
					<onclick>Skin.SetString($INFO[Window(settings).Property(ListCustomBase),,.Type],WidgetPoster)</onclick>
				</item>
				<item>
					<label>Paisaje</label>
					<onclick>Dialog.Close(1144)</onclick>
					<onclick>Skin.SetString($INFO[Window(settings).Property(ListCustomBase),,.Type],WidgetLandscape)</onclick>
				</item>
			</content>
		</control>
	</controls>
</window>