<?xml version="1.0" encoding="utf-8"?>
<window>
	<defaultcontrol always="true">21</defaultcontrol>
	<coordinates>
		<left>0</left>
		<top>0</top>
	</coordinates>
	<controls>
		<control type="image">
			<include>fullscreenimage</include>
			<texture colordiffuse="mask-background">background-mask.png</texture>
			<aspectratio>scale</aspectratio>
		</control>
		<control type="image">
			<!-- Entered text background -->
			<left>700</left>
			<top>308</top>
			<width>500</width>
			<height>60</height>
			<texture border="9">background-keyboard-text.png</texture>
		</control>
		<control type="label" id="1">
			<!-- Dialog heading -->
			<left>715</left>
			<top>315</top>
			<width>470</width>
			<height>45</height>
			<font>ctouch25</font>
			<textcolor>keyboard-focus-text</textcolor>
			<shadowcolor>keyboard-shadow-text</shadowcolor>
			<visible>String.IsEmpty(Control.GetLabel(4))</visible>
		</control>
		<control type="label" id="4">
			<!-- Entered text -->
			<left>715</left>
			<top>315</top>
			<width>470</width>
			<height>45</height>
			<font>ctouch30</font>
			<textcolor>keyboard-focus-text</textcolor>
			<shadowcolor>keyboard-shadow-text</shadowcolor>
			<align>center</align>
		</control>
		<control type="group">
			<left>700</left>
			<top>375</top>
			<control type="button" id="11">
				<!-- 1 button -->
				<left>0</left>
				<top>0</top>
				<label>$LOCALIZE[12311]</label>
				<texturenofocus/>
				<onright>12</onright>
				<ondown>14</ondown>
				<onleft>21</onleft>
				<onup>17</onup>
				<include>keyboard-key-common</include>
			</control>
			<control type="button" id="12">
				<!-- 2 button -->
				<left>103</left>
				<top>0</top>
				<label>$LOCALIZE[12312]</label>
				<onleft>11</onleft>
				<texturenofocus/>
				<onright>13</onright>
				<ondown>15</ondown>
				<onup>10</onup>
				<include>keyboard-key-common</include>
			</control>
			<control type="button" id="13">
				<!-- 3 button -->
				<left>206</left>
				<top>0</top>
				<label>$LOCALIZE[12313]</label>
				<texturenofocus/>
				<onleft>12</onleft>
				<onright>21</onright>
				<ondown>16</ondown>
				<onup>19</onup>
				<include>keyboard-key-common</include>
			</control>
			<control type="button" id="21">
				<shadowcolor/>
				<!-- DONE button -->
				<left>308</left>
				<top>0</top>
				<width>192</width>
				<height>96</height>
				<align>center</align>
				<texturenofocus/>
				<texturefocus border="9" colordiffuse="$VAR[AccentColor]">key-special-nofocus1.png</texturefocus>
				<label>$LOCALIZE[20177]</label>
				<onleft>13</onleft>
				<onright>11</onright>
				<ondown>1023</ondown>
				<onup>22</onup>
			</control>
			<control type="button" id="14">
				<!-- 4 button -->
				<left>0</left>
				<top>103</top>
				<label>$LOCALIZE[12314]</label>
				<onright>15</onright>
				<texturenofocus/>
				<onup>11</onup>
				<onleft>1023</onleft>
				<ondown>17</ondown>
				<include>keyboard-key-common</include>
			</control>
			<control type="button" id="15">
				<!-- 5 button -->
				<left>103</left>
				<top>103</top>
				<label>$LOCALIZE[12315]</label>
				<onleft>14</onleft>
				<onright>16</onright>
				<texturenofocus/>
				<onup>12</onup>
				<ondown>18</ondown>
				<include>keyboard-key-common</include>
			</control>
			<control type="button" id="16">
				<!-- 6 button -->
				<left>206</left>
				<top>103</top>
				<label>$LOCALIZE[12316]</label>
				<onleft>15</onleft>
				<texturenofocus/>
				<onup>13</onup>
				<ondown>19</ondown>
				<include>keyboard-key-common</include>
				<onright>20</onright>
			</control>
			<control type="button" id="1023">
				<!-- Custom BACKSPACE button -->
				<left>308</left>
				<top>103</top>
				<width>192</width>
				<height>96</height>
				<texturenofocus/>
				<texturefocus border="9" colordiffuse="$VAR[AccentColor]">key-special-nofocus1.png</texturefocus>
				<font>ctouch25</font>
				<align>center</align>
				<aligny>center</aligny>
				<label>Borrar</label>
				<onclick>SendClick(numericinput,23)</onclick>
				<onleft>16</onleft>
				<onright>14</onright>
				<onup>21</onup>
				<ondown>22</ondown>
			</control>
			<control type="button" id="17">
				<!-- 7 button -->
				<left>0</left>
				<top>205</top>
				<label>$LOCALIZE[12317]</label>
				<onright>18</onright>
				<texturenofocus/>
				<onup>14</onup>
				<onleft>22</onleft>
				<ondown>10</ondown>
				<include>keyboard-key-common</include>
			</control>
			<control type="button" id="18">
				<!-- 8 button -->
				<left>103</left>
				<top>205</top>
				<label>$LOCALIZE[12318]</label>
				<onleft>17</onleft>
				<onright>19</onright>
				<texturenofocus/>
				<onup>15</onup>
				<ondown>10</ondown>
				<include>keyboard-key-common</include>
			</control>
			<control type="button" id="19">
				<!-- 9 button -->
				<left>206</left>
				<top>205</top>
				<label>$LOCALIZE[12319]</label>
				<onleft>18</onleft>
				<onup>16</onup>
				<texturenofocus/>
				<ondown>10</ondown>
				<onright>22</onright>
				<include>keyboard-key-common</include>
			</control>
			<control type="button" id="22">
				<!-- Close button -->
				<left>308</left>
				<top>205</top>
				<width>192</width>
				<height>96</height>
				<texturenofocus/>
				<texturefocus border="9" colordiffuse="$VAR[AccentColor]">key-special-nofocus1.png</texturefocus>
				<font>ctouch20</font>
				<align>center</align>
				<aligny>center</aligny>
				<label>Cerrar</label>
				<onleft>19</onleft>
				<onright>17</onright>
				<onup>1023</onup>
				<ondown>21</ondown>
				<onclick>Dialog.Close(all,true)</onclick>
			</control>			
			<control type="button" id="10">
				<!-- 0 button -->
				<left>103</left>
				<top>306</top>
				<label>$LOCALIZE[12310]</label>
				<onleft>22</onleft>
				<onright>22</onright>
				<onup>18</onup>
				<ondown>12</ondown>
				<texturenofocus/>
				<include>keyboard-key-common</include>
			</control>
			<control type="button" id="23">
				<!-- Don't show as we are using a graphical BACKSPACE button -->
				<left>0</left>
				<top>0</top>
				<width>0</width>
				<height>0</height>
				<texturenofocus/>
				<texturefocus>blank.png</texturefocus>
				<visible>false</visible>
			</control>
		</control>
	</controls>
</window>