<?xml version="1.0" encoding="utf-8"?>
<window>
	<defaultcontrol>3</defaultcontrol>
	<controls>
		<include>background</include>
		<include>maskfadebackground</include>
		<control type="image">
			<left>1465</left>
			<top>200</top>
			<width>20</width>
			<height>810</height>
			<texture>sep.png</texture>
		</control>	
		<control type="image">
			<left>50</left>
			<bottom>90</bottom>
			<align>center</align>
			<width>1470</width>
			<height>20</height>
			<texture flipy="true">sep2.png</texture>
		</control>	
		<control type="label" id="2">
			<!-- Settings screen heading -->
			<left>60</left>
			<align>left</align>
			<top>100</top>
			<width>565</width>
			<height>48</height>
			<textcolor>$VAR[AccentColor]</textcolor>
			<font>ctouch25w</font>
		</control>
		<control type="grouplist" id="3">
			<!-- Subheadings area -->
			<right>0</right>
			<top>175</top>
			<width>400</width>
			<height>675</height>
			<itemgap>10</itemgap>
			<onleft>5</onleft>
			<onup>80001</onup>
			<ondown>20</ondown>
		</control>
		<control type="button" id="20">
			<!-- Setting level button -->
			<right>-10</right>
			<top>895</top>
			<width>400</width>
			<height>75</height>
			<font>ctouch19</font>
			<label>$LOCALIZE[10037]</label>
			<align>right</align>
			<onleft>5</onleft>
			<onright>5</onright>
			<onup>3</onup>
			<onclick>SettingsLevelChange</onclick>
			<texturenofocus></texturenofocus>
		</control>
		<control type="label">
			<!-- Settings level heading -->
			<right>-10</right>
			<top>895</top>
			<width>400</width>
			<height>75</height>
			<label>Nivel de Ajustes:</label>
			<font>ctouch19</font>
		</control>
		<control type="grouplist" id="5">
			<!-- Controls area -->
			<left>80</left>
			<top>170</top>
			<width>1300</width>
			<height>790</height>
			<itemgap>10</itemgap>
			<onleft condition="String.IsEqual(Skin.String(show-scrollbar),$LOCALIZE[31877])">noop</onleft>
			<onleft condition="!String.IsEqual(Skin.String(show-scrollbar),$LOCALIZE[31877])">23</onleft>
			<onright>3</onright>
			<pagecontrol>23</pagecontrol>
		</control>
		<!-- Markers for control area items -->
		<include content="page-offscreen-vertical">
			<param name="indicator1left" value="726"/>
			<param name="indicator1top" value="160"/>
			<param name="indicator2left" value="726"/>
			<param name="indicator2top" value="950"/>
			<param name="indicatorsize" value="24"/>
			<param name="indicatorcontainer" value="5"/>
		</include>
		<control type="scrollbar" id="23">
			<left>20</left>
			<top>159</top>
			<width>18</width>
			<height>750</height>
			<onleft>9000</onleft>
			<onright>5</onright>
			<animation condition="!Control.HasFocus(23) + !Container.Scrolling + !String.IsEqual(Skin.String(show-scrollbar),$LOCALIZE[31875])" effect="fade" start="100" end="0" time="200" reversible="true">Conditional</animation>
			<visible>$EXP[isEnabledScrollbar]</visible>
		</control>
		<control type="textbox" id="6">
			<!-- Settings description area -->
			<left>80</left>
			<top>1000</top>
			<width>1820</width>
			<height>105</height>
			<font>ctouch18</font>
			<align>left</align>
		</control>
		<control type="button" id="7">
			<!-- Default button -->
			<height>75</height>
			<font>ctouch20</font>
			<invalidcolor>invalid-text</invalidcolor>
			<texturenofocus></texturenofocus>
		</control>
		<control type="radiobutton" id="8">
			<!-- Default radiobutton -->
			<height>75</height>
			<font>ctouch20</font>
			<radioposx>1250</radioposx>
			<radiowidth>40</radiowidth>
			<textwidth>1100</textwidth>
			<texturenofocus></texturenofocus>
		</control>
		<control type="spincontrolex" id="9">
			<!-- Default spincontrolex -->
			<height>75</height>
			<font>ctouch20</font>
			<reverse>yes</reverse>
			<texturenofocus></texturenofocus>
		</control>
		<control type="button" id="10">
			<!-- Default category button -->
			<width>480</width>
			<height>75</height>
			<font>ctouch20</font>
			<texturenofocus></texturenofocus>
		</control>
		<control type="sliderex" id="13">
			<!-- Default slider button -->
			<height>75</height>
			<font>ctouch20</font>
			<texturenofocus></texturenofocus>
		</control>
		<control type="label" id="14">
			<!-- Default label -->
			<height>75</height>
			<textcolor>$VAR[AccentColor]</textcolor>
			<font>ctouch22</font>
		</control>
		<control type="group">
			<control type="image">
				<include>fullscreenimage</include>
				<texture>background-mask-set.png</texture>
				<aspectratio>scale</aspectratio>
				<visible>Window.IsVisible(1136)</visible>
			</control>		
			<include>touch-controls</include>
			<include>hora</include>	
		</control>
	</controls>
</window>