{
    "settings": {
        "CAPTURE_THRU_BROWSER_in_use": "",
        "LIBTORRENT_in_use": false,
        "UNRAR_in_use": false,
        "allow_seeding": true,
        "bt_buffer": "50",
        "bt_download_path": "C:\\Users\\wintt\\AppData\\Roaming\\Kodi\\userdata\\addon_data\\plugin.video.alfa\\downloads",
        "btdigg_status": false,
        "capture_thru_browser_path": "",
        "libtorrent_path": "",
        "libtorrent_version": "ERROR/UNSUPPORTED",
        "magnet2torrent": false,
        "mct_background_download": true,
        "mct_buffer": "50",
        "mct_download_limit": "",
        "mct_download_path": "C:\\Users\\wintt\\AppData\\Roaming\\Kodi\\userdata\\addon_data\\plugin.video.alfa\\downloads",
        "mct_rar_unpack": true,
        "torrent_cached_list": [],
        "torrent_client": 3,
        "unrar_device": "windows - v.6.20 beta 3 x64 freeware",
        "unrar_path": "C:\\Users\\wintt\\AppData\\Roaming\\Kodi\\userdata\\addon_data\\plugin.video.alfa\\bin\\unrar.exe"
    }
}