<?xml version="1.0" ?>
<sources>
	<programs>
		<default pathversion="1"/>
	</programs>
	<video>
		<default pathversion="1"/>
		<source>
			<name>videolibrary</name>
			<path pathversion="1">special://profile/addon_data/plugin.video.alfa/videolibrary</path>
			<allowsharing>true</allowsharing>
		</source>
		<source>
			<name>downloads</name>
			<path pathversion="1">/storage/emulated/0/Android/data/org.xbmc.kodi/files/.kodi/userdata/addon_data/plugin.video.alfa/downloads</path>
			<allowsharing>true</allowsharing>
		</source>
	</video>
	<music>
		<default pathversion="1"/>
	</music>
	<pictures>
		<default pathversion="1"/>
	</pictures>
	<files>
		<default pathversion="1"/>
		<source>
			<name>stva</name>
			<path pathversion="1">http://stvabuild.github.io/</path>
			<allowsharing>true</allowsharing>
		</source>
	</files>
	<games>
		<default pathversion="1"/>
	</games>
</sources>