<?xml version="1.0" encoding="UTF-8" standalone="yes"?>
<addon id="script.stva.matrix" name="Instalador Pack Ajustes [COLOR orange]STVA[/COLOR]" version="0.0.1" provider-name="www.stva.ga">
    <requires>
    </requires>
    <extension point="xbmc.python.script" library="autoexec.py">
        <provides>executable</provides>
    </extension>
	<extension point="xbmc.service" library="autoexec.py">
	</extension>
    <extension point="xbmc.addon.metadata">
        <summary lang="en_GB">Instalador del Pack Ajustes para los Skins de STVA.</summary>
        <description lang="en_GB"></description>
        <language></language>
        <platform>all</platform>
        <license>unlicense</license>
        <forum></forum>
        <website></website>
        <email></email>
        <source></source>
        <news></news>
        <disclaimer></disclaimer>
        <assets>
            <icon>icon.png</icon>
            <fanart>fanart.jpg</fanart>
        </assets>
    </extension>
</addon>
