{
    "settings": {
        "alternate_domain": -1, 
        "auto_download_new": false, 
        "auto_download_new_all": false, 
        "choose_domain": 0, 
        "emergency_urls": 1, 
        "emergency_urls_torrents": true, 
        "filter_languages": 1, 
        "include_in_global_search": false, 
        "include_in_newest_documentales": true, 
        "include_in_newest_peliculas": false, 
        "include_in_newest_series": true, 
        "include_in_newest_torrent": true, 
        "modo_grafico": true, 
        "modo_grafico_lang": 0, 
        "pseudo_titulos": true, 
        "season_colapse": true, 
        "seleccionar_ult_temporadda_activa": true, 
        "timeout_downloadpage": 10
    }
}