<?xml version="1.0" encoding="UTF-8"?>
<addon id="skin.fentastic" version="1.0.24" name="FENtastic"
	provider-name="Ivar Brandt">
	<requires>
		<import addon="xbmc.gui" version="5.17.0" />
		<import addon="script.fentastic.helper" />
	</requires>
	<extension point="xbmc.gui.skin" debugging="false">
		<res width="1920" height="1440" aspect="4:3" default="false" folder="xml" />
		<res width="1920" height="1280" aspect="3:2" default="false" folder="xml" />
		<res width="1920" height="1200" aspect="16:10" default="false" folder="xml" />
		<res width="2040" height="1080" aspect="17:9" default="false" folder="xml" />
		<res width="1920" height="1080" aspect="16:9" default="true" folder="xml" />
		<res width="2560" height="1080" aspect="21:9" default="false" folder="xml" />
		<res width="2338" height="1080" aspect="19.5:9" default="false" folder="xml" />
		<res width="2160" height="1080" aspect="18:9" default="false" folder="xml" />
	</extension>
	<extension point="xbmc.addon.metadata">
		<platform>all</platform>
		<license>CC BY-SA 4.0, GNU GENERAL PUBLIC LICENSE Version 2.0</license>
		<forum>http://forum.kodi.tv/</forum>
		<source>https://github.com/xbmc/skin.estuary/</source>
		<assets>
			<icon>resources/icon.png</icon>
			<fanart>resources/fanart.jpg</fanart>
			<screenshot>resources/images/customizable_widgets.jpg</screenshot>
			<screenshot>resources/images/infopanel.jpg</screenshot>
			<screenshot>resources/images/viewtypes1.jpg</screenshot>
		</assets>
		<summary lang="en_GB">FENtastic skin by Ivar Brandt (Estuary MOD)</summary>
		<summary lang="en_NZ">FENtastic skin by Ivar Brandt (Estuary MOD)</summary>
		<summary lang="en_US">FENtastic skin by Ivar Brandt (Estuary MOD)</summary>
		<description lang="en_GB">FENtastic is a modified version of the default Estuary skin for Kodi Nexus. It is intended for use only with FEN.[CR][CR]See [B]CHANGELOG[/B] located in Skin settings » Extra info for latest changes.</description>
		<description lang="en_NZ">FENtastic is a modified version of the default Estuary skin for Kodi Nexus. It is intended for use only with FEN.[CR][CR]See [B]CHANGELOG[/B] located in Skin settings » Extra info for latest changes.</description>
		<description lang="en_US">FENtastic is a modified version of the default Estuary skin for Kodi Nexus. It is intended for use only with FEN.[CR][CR]See [B]CHANGELOG[/B] located in Skin settings » Extra info for latest changes.</description>
	</extension>
</addon>