<?xml version="1.0" encoding="UTF-8" standalone="yes"?>
<addon id="plugin.video.festakids"
       name="[COLOR aqua]*[/COLOR][COLOR orangered]Festa Kids[/COLOR][COLOR aqua]*[/COLOR]" 
       version="0.0.8"
       provider-name="Festa team">
  <requires>
    <import addon="xbmc.python" version="2.1.0"/>
    <import addon="script.module.beautifulsoup" version="3.2.1"/>
    <import addon="script.module.simple.downloader" version="0.9.4"/>
    <import addon="script.module.beautifulsoup4" />
    <import addon="script.module.requests" />
    <import addon="script.module.httplib2" />
    <import addon="script.module.liveresolver" version="0.1.24" optional="true"/>
    <import addon="script.module.youtube.dl" optional="true"/>
    <import addon="plugin.video.youtube" />
    <import addon="script.module.urlresolver" />
	<import addon="script.module.resolveurl" />
    <import addon="script.module.inputstreamhelper" optional="true"/>  
    <import addon="script.module.livestreamer" optional="true"/>
    <import addon="script.module.slproxy" optional="true"/>
	<import addon="script.module.simplejson" />
    <import addon="script.module.livestreamer" optional="true"/>
    <import addon="script.module.pyamf" optional="true"/>
  </requires>
  <extension point="xbmc.python.pluginsource" library="default.py">
    <provides>video audio</provides>
  </extension> 
  
  <extension point="xbmc.addon.repository" name="Mi repositorio">
        <info>https://raw.githubusercontent.com/picapaujulen/repositorio/master/Repositorio/addons.xml</info>
        <checksum>https://raw.githubusercontent.com/picapaujulen/repositorio/master/Repositorio/addons.xml.md5</checksum>
        <datadir zip="true">https://raw.githubusercontent.com/picapaujulen/repositorio/master/Repositorio/</datadir>
    </extension>

  <extension point="xbmc.addon.metadata">
    <summary>Creado por Festa team</summary>
    <description>Dedicado a los  pequeñ@s y adolescentes de la familia Festa.Addon de entretenimiento y educativo, porque con Festa Kids, aprender es divertido.</description>
    <platform>all</platform>
	  <assets>
		<icon>icon.gif</icon>
		<fanart>fanart.jpg</fanart>
	  </assets>
  </extension>
</addon>
