<?xml version='1.0' encoding='UTF-8'?>
<addon id="skin.ctouch"  version="3.6.8" name="Cristal Touch" provider-name="STVA">
	<requires>
		<import addon="resource.language.es_es" version="0.0.0"/>		
	</requires>
	<extension debugging="false" effectslowdown="1" point="xbmc.gui.skin">
		<res aspect="16:9" default="true" folder="xml" width="1920" height="1080" />
	</extension>
	<extension point="xbmc.addon.metadata">
		<summary lang="es_ES">Skin para Kodi y Forks. Compatible con Kodi Omega</summary>
		<summary lang="en_GB">Skin para Kodi y Forks. Compatible con Kodi Omega</summary>				
		<description lang="es_ES">Cristal Touch es un mod del skin AppTV realizado por STVA.[CR]Funciona perfectamente en dispositivos táctiles, pc/portátil, SmartTV o TV Box y raspberrys o similares[CR]Fácil personalización de los items del Inicio desde el menú contextual</description>
		<description lang="en_GB">Cristal Touch es un mod del skin AppTV realizado por STVA.[CR]Funciona perfectamente en dispositivos táctiles, pc/portátil, SmartTV o TV Box y raspberrys o similares[CR]Fácil personalización de los items del Inicio desde el menú contextual</description>		
		<disclaimer lang="en_GB">Para dudas, preguntas o sugerencias [CR]Telegram: t.me/stvabuild[CR]Web y Foro: stva.es</disclaimer>
		<disclaimer lang="es_ES">Para dudas, preguntas o sugerencias [CR]Telegram: t.me/stvabuild[CR]Web y Foro: stva.es</disclaimer>		
		<platform>all</platform>
		<license></license>
		<website />
		<email />
		<news>Versión 3.6.8 - 5/6/24
- Revertidos cambios en la resolución de pantalla
- Corregidos enlaces Canales y Agenda Deportiva en todos los inicios
- Reparado widget Cine Super Estrenos Cristal azul


Versión 3.6.6 - 28/4/24
- Añadida opción para desactivar clearlogos
- Reparados widgets e items de cristal azul y palantir
- Eliminados algunos items y widgets de Cristal azul
- Reparado enlace a listas deportivas
- Añadido item Favoritos Palantir
- Añadido Foco en la barra de progreso del reproductor para avanzar
- Reparados botones, herramientas Cristal y Buffer de la ventana Ajustes de Kodi
- Añadido a4ksubtitles a addons de skin/opcionales
- Adaptada ventana Favoritos a Kodi 21</news>
		<assets>
			<icon>icon.png</icon>
			<fanart>fanart.jpg</fanart>
			<screenshot>resources/screenshot001.jpg</screenshot>
			<screenshot>resources/screenshot002.jpg</screenshot>
			<screenshot>resources/screenshot006.jpg</screenshot>
			<screenshot>resources/screenshot003.jpg</screenshot>
			<screenshot>resources/screenshot004.jpg</screenshot>
			<screenshot>resources/screenshot005.jpg</screenshot>
		</assets>
	</extension>
</addon>