<?xml version="1.0" encoding="UTF-8" standalone="yes"?>
<addon id="plugin.program.stva" name="STVA [COLOR orange]WIZARD[/COLOR]" version="3.6" provider-name="STVA">
  <requires>
    <import addon="xbmc.python" version="2.1.0"/>
  </requires>
  <extension point="xbmc.python.pluginsource" library="default.py">
    <provides>executable</provides>
  </extension>
  <extension point="xbmc.service" library="startup.py" start="startup" />
  <extension point="xbmc.addon.metadata">
    <summary lang="en">STVA [COLOR orange]WIZARD[/COLOR]</summary>
    <description lang="en">Build para Kodi 18
Web: www.stva.ga
Telegram: t.me/stvabuild</description>
    <platform>all</platform>
  </extension>
</addon>