{
    "AUTOPLAY": {
        "cine24h": {
            "quality": [
                "720HD",
                "default"
            ],
            "servers": [
                "fembed",
                "mystream",
                "uptobox",
                "gounlimited"
            ],
            "settings": {
                "active": false,
                "custom_quality": false,
                "custom_servers": false,
                "plan_b": true,
                "priority": 0,
                "quality_1": 0,
                "quality_2": 1,
                "quality_3": 0,
                "server_1": 0,
                "server_2": 1,
                "server_3": 2
            }
        },
        "cinecalidad": {
            "quality": [
                "default"
            ],
            "servers": [
                "gounlimited",
                "mega",
                "vidcloud",
                "torrent"
            ],
            "settings": {
                "active": true,
                "custom_quality": false,
                "custom_servers": false,
                "plan_b": true,
                "priority": 0,
                "quality_1": 0,
                "quality_2": 0,
                "quality_3": 0,
                "server_1": 0,
                "server_2": 1,
                "server_3": 2
            }
        },
        "cuevana2espanol": {
            "quality": [
                "BluRay",
                "1080p",
                "HD",
                "Rip",
                "MicroHD",
                "720p",
                "2160p",
                "4K",
                "3D",
                "RHDTV",
                "DVDSCR",
                "DVDR",
                "CAM",
                "Screener",
                "TS",
                "no filtrar",
                "HDTV-720p",
                "HDTV",
                "WEB-DL 1080p",
                "4KWebRip",
                "no filtrar",
                "default"
            ],
            "servers": [
                "streamtape",
                "doodstream",
                "okru",
                "streamsb",
                "streamlare",
                "wolfstream",
                "voe",
                "mega",
                "torrent"
            ],
            "settings": {
                "active": false,
                "custom_quality": false,
                "custom_servers": false,
                "plan_b": true,
                "priority": 0,
                "quality_1": 0,
                "quality_2": 1,
                "quality_3": 2,
                "server_1": 0,
                "server_2": 1,
                "server_3": 2
            }
        },
        "cuevana3": {
            "quality": [
                "default"
            ],
            "servers": [
                "fastplay",
                "directo",
                "streamplay",
                "flashx",
                "streamito",
                "streamango",
                "vidoza"
            ],
            "settings": {
                "active": false,
                "custom_quality": false,
                "custom_servers": false,
                "plan_b": true,
                "priority": 0,
                "quality_1": 0,
                "quality_2": 0,
                "quality_3": 0,
                "server_1": 0,
                "server_2": 1,
                "server_3": 2
            }
        },
        "dilo": {
            "quality": [
                "HDTV-720p",
                "HDTV",
                "WEB-DL 1080p",
                "4KWebRip",
                "default"
            ],
            "servers": [
                "streamtape",
                "doodstream",
                "okru",
                "streamsb",
                "streamlare",
                "wolfstream",
                "voe",
                "mega",
                "torrent",
                "vidoza",
                "gamovideo"
            ],
            "settings": {
                "active": true,
                "custom_quality": true,
                "custom_servers": true,
                "plan_b": true,
                "priority": 0,
                "quality_1": 3,
                "quality_2": 2,
                "quality_3": 1,
                "server_1": 9,
                "server_2": 0,
                "server_3": 1
            }
        },
        "dontorrent": {
            "quality": [
                "default"
            ],
            "servers": [
                "torrent"
            ],
            "settings": {
                "active": false,
                "custom_quality": false,
                "custom_servers": false,
                "plan_b": true,
                "priority": 0,
                "quality_1": 0,
                "quality_2": 0,
                "quality_3": 0,
                "server_1": 0,
                "server_2": 0,
                "server_3": 0
            }
        },
        "doramasyt": {
            "quality": [
                "default"
            ],
            "servers": [
                "okru",
                "streamtape",
                "fembed",
                "uqload",
                "videobin"
            ],
            "settings": {
                "active": false,
                "custom_quality": false,
                "custom_servers": false,
                "plan_b": true,
                "priority": 0,
                "quality_1": 0,
                "quality_2": 0,
                "quality_3": 0,
                "server_1": 0,
                "server_2": 1,
                "server_3": 2
            }
        },
        "elitetorrent": {
            "quality": [
                "BluRay",
                "1080p",
                "HD",
                "Rip",
                "MicroHD",
                "720p",
                "2160p",
                "4K",
                "3D",
                "RHDTV",
                "DVDSCR",
                "DVDR",
                "CAM",
                "Screener",
                "TS",
                "HDTV-720p",
                "HDTV",
                "WEB-DL 1080p",
                "4KWebRip",
                "default"
            ],
            "servers": [
                "torrent"
            ],
            "settings": {
                "active": false,
                "custom_quality": false,
                "custom_servers": false,
                "plan_b": true,
                "priority": 0,
                "quality_1": 0,
                "quality_2": 1,
                "quality_3": 2,
                "server_1": 0,
                "server_2": 0,
                "server_3": 0
            }
        },
        "entrepeliculasyseries": {
            "quality": [
                "default"
            ],
            "servers": [
                "mega",
                "fembed",
                "vidtodo",
                "gvideo"
            ],
            "settings": {
                "active": false,
                "custom_quality": false,
                "custom_servers": false,
                "plan_b": true,
                "priority": 0,
                "quality_1": 0,
                "quality_2": 0,
                "quality_3": 0,
                "server_1": 0,
                "server_2": 1,
                "server_3": 2
            }
        },
        "estrenoscinesaa": {
            "quality": [
                "default"
            ],
            "servers": [
                "Fembed",
                "Uqload",
                "Youtube",
                "doodstream",
                "streamtape",
                "upstream",
                "uqload"
            ],
            "settings": {
                "active": true,
                "custom_quality": false,
                "custom_servers": true,
                "plan_b": true,
                "priority": 0,
                "quality_1": 0,
                "quality_2": 0,
                "quality_3": 0,
                "server_1": 4,
                "server_2": 3,
                "server_3": 0
            }
        },
        "filmoves": {
            "quality": [
                "BluRay",
                "1080p",
                "HD",
                "Rip",
                "MicroHD",
                "720p",
                "2160p",
                "4K",
                "3D",
                "RHDTV",
                "DVDSCR",
                "DVDR",
                "CAM",
                "Screener",
                "TS",
                "HDTV-720p",
                "HDTV",
                "WEB-DL 1080p",
                "4KWebRip",
                "default"
            ],
            "servers": [
                "streamtape",
                "doodstream",
                "okru",
                "streamsb",
                "streamlare",
                "wolfstream",
                "voe",
                "mega",
                "torrent"
            ],
            "settings": {
                "active": false,
                "custom_quality": false,
                "custom_servers": false,
                "plan_b": true,
                "priority": 0,
                "quality_1": 0,
                "quality_2": 1,
                "quality_3": 2,
                "server_1": 0,
                "server_2": 1,
                "server_3": 2
            }
        },
        "fullseriehd": {
            "quality": [
                "HD-1080p",
                "HD-720p",
                "Cam",
                "default"
            ],
            "servers": [
                "okru",
                "fembed",
                "gvideo",
                "mega"
            ],
            "settings": {
                "active": false,
                "custom_quality": false,
                "custom_servers": false,
                "plan_b": true,
                "priority": 0,
                "quality_1": 0,
                "quality_2": 1,
                "quality_3": 2,
                "server_1": 0,
                "server_2": 1,
                "server_3": 2
            }
        },
        "grantorrent": {
            "quality": [
                "BluRay",
                "1080p",
                "HD",
                "Rip",
                "MicroHD",
                "720p",
                "2160p",
                "4K",
                "3D",
                "RHDTV",
                "DVDSCR",
                "DVDR",
                "CAM",
                "Screener",
                "TS",
                "HDTV-720p",
                "HDTV",
                "WEB-DL 1080p",
                "4KWebRip",
                "default"
            ],
            "servers": [
                "torrent"
            ],
            "settings": {
                "active": false,
                "custom_quality": false,
                "custom_servers": false,
                "plan_b": true,
                "priority": 0,
                "quality_1": 0,
                "quality_2": 1,
                "quality_3": 2,
                "server_1": 0,
                "server_2": 0,
                "server_3": 0
            }
        },
        "hdfulls": {
            "quality": [
                "HD1080",
                "HD720",
                "HDTV",
                "DVDRIP",
                "RHDTV",
                "DVDSCR",
                "default"
            ],
            "servers": [
                "flix555",
                "clipwatching",
                "gamovideo",
                "powvideo",
                "streamplay",
                "vidoza",
                "vidtodo",
                "uptobox"
            ],
            "settings": {
                "active": false,
                "custom_quality": false,
                "custom_servers": false,
                "plan_b": true,
                "priority": 0,
                "quality_1": 0,
                "quality_2": 1,
                "quality_3": 2,
                "server_1": 0,
                "server_2": 1,
                "server_3": 2
            }
        },
        "homecine": {
            "quality": [
                "BluRay",
                "1080p",
                "HD",
                "Rip",
                "MicroHD",
                "720p",
                "2160p",
                "4K",
                "3D",
                "RHDTV",
                "DVDSCR",
                "DVDR",
                "CAM",
                "Screener",
                "TS",
                "default"
            ],
            "servers": [
                "streamtape",
                "doodstream",
                "okru",
                "streamsb",
                "streamlare",
                "wolfstream",
                "voe",
                "mega",
                "torrent"
            ],
            "settings": {
                "active": true,
                "custom_quality": false,
                "custom_servers": true,
                "plan_b": true,
                "priority": 0,
                "quality_1": 0,
                "quality_2": 1,
                "quality_3": 2,
                "server_1": 6,
                "server_2": 0,
                "server_3": 1
            }
        },
        "legalmentegratis": {
            "quality": [
                "default"
            ],
            "servers": [
                "youtube"
            ],
            "settings": {
                "active": false,
                "custom_quality": false,
                "custom_servers": false,
                "plan_b": true,
                "priority": 0,
                "quality_1": 0,
                "quality_2": 0,
                "quality_3": 0,
                "server_1": 0,
                "server_2": 0,
                "server_3": 0
            }
        },
        "mejortorrent": {
            "quality": [
                "BluRay",
                "1080p",
                "HD",
                "Rip",
                "MicroHD",
                "720p",
                "2160p",
                "4K",
                "3D",
                "RHDTV",
                "DVDSCR",
                "DVDR",
                "CAM",
                "Screener",
                "TS",
                "HDTV-720p",
                "HDTV",
                "WEB-DL 1080p",
                "4KWebRip",
                "default"
            ],
            "servers": [
                "torrent"
            ],
            "settings": {
                "active": false,
                "custom_quality": false,
                "custom_servers": false,
                "plan_b": true,
                "priority": 0,
                "quality_1": 0,
                "quality_2": 1,
                "quality_3": 2,
                "server_1": 0,
                "server_2": 0,
                "server_3": 0
            }
        },
        "mirapeliculas": {
            "quality": [
                "BR-Rip",
                "HD-Rip",
                "DVD-Rip",
                "TS-HQ",
                "TS-Screner",
                "Cam",
                "default"
            ],
            "servers": [
                "streamango",
                "streamplay",
                "openload",
                "okru"
            ],
            "settings": {
                "active": false,
                "custom_quality": false,
                "custom_servers": false,
                "plan_b": true,
                "priority": 0,
                "quality_1": 0,
                "quality_2": 1,
                "quality_3": 2,
                "server_1": 0,
                "server_2": 1,
                "server_3": 2
            }
        },
        "newpct1": {
            "quality": [
                "default"
            ],
            "servers": [
                "torrent"
            ],
            "settings": {
                "active": false,
                "custom_quality": false,
                "custom_servers": false,
                "plan_b": true,
                "priority": 0,
                "quality_1": 0,
                "quality_2": 0,
                "quality_3": 0,
                "server_1": 0,
                "server_2": 0,
                "server_3": 0
            }
        },
        "peliculasflix": {
            "quality": [
                "HD",
                "default"
            ],
            "servers": [
                "uqload",
                "voe",
                "streamtape",
                "doodstream",
                "okru",
                "streamlare",
                "wolfstream",
                "mega"
            ],
            "settings": {
                "active": false,
                "custom_quality": false,
                "custom_servers": false,
                "plan_b": true,
                "priority": 0,
                "quality_1": 0,
                "quality_2": 1,
                "quality_3": 0,
                "server_1": 0,
                "server_2": 1,
                "server_3": 2
            }
        },
        "pelisencastellano": {
            "quality": [
                "default"
            ],
            "servers": [
                "fembed"
            ],
            "settings": {
                "active": false,
                "custom_quality": false,
                "custom_servers": false,
                "plan_b": true,
                "priority": 0,
                "quality_1": 0,
                "quality_2": 0,
                "quality_3": 0,
                "server_1": 0,
                "server_2": 0,
                "server_3": 0
            }
        },
        "pelismaraton": {
            "quality": [
                "default"
            ],
            "servers": [
                "fembed",
                "streampe",
                "evoload",
                "uqload",
                "upstream"
            ],
            "settings": {
                "active": false,
                "custom_quality": false,
                "custom_servers": false,
                "plan_b": true,
                "priority": 0,
                "quality_1": 0,
                "quality_2": 0,
                "quality_3": 0,
                "server_1": 0,
                "server_2": 1,
                "server_3": 2
            }
        },
        "pelispedia": {
            "quality": [
                "BluRay",
                "1080p",
                "HD",
                "Rip",
                "MicroHD",
                "720p",
                "2160p",
                "4K",
                "3D",
                "RHDTV",
                "DVDSCR",
                "DVDR",
                "CAM",
                "Screener",
                "TS",
                "HDTV-720p",
                "HDTV",
                "WEB-DL 1080p",
                "4KWebRip",
                "default"
            ],
            "servers": [
                "streamtape",
                "doodstream",
                "okru",
                "streamsb",
                "streamlare",
                "wolfstream",
                "voe",
                "mega",
                "torrent"
            ],
            "settings": {
                "active": false,
                "custom_quality": false,
                "custom_servers": false,
                "plan_b": true,
                "priority": 0,
                "quality_1": 0,
                "quality_2": 1,
                "quality_3": 2,
                "server_1": 0,
                "server_2": 1,
                "server_3": 2
            }
        },
        "pelisxd": {
            "quality": [
                "default"
            ],
            "servers": [
                "gvideo",
                "fembed"
            ],
            "settings": {
                "active": false,
                "custom_quality": false,
                "custom_servers": false,
                "plan_b": true,
                "priority": 0,
                "quality_1": 0,
                "quality_2": 0,
                "quality_3": 0,
                "server_1": 0,
                "server_2": 1,
                "server_3": 0
            }
        },
        "poseidonhd": {
            "quality": [
                "default"
            ],
            "servers": [
                "gvideo",
                "fembed"
            ],
            "settings": {
                "active": false,
                "custom_quality": false,
                "custom_servers": false,
                "plan_b": true,
                "priority": 0,
                "quality_1": 0,
                "quality_2": 0,
                "quality_3": 0,
                "server_1": 0,
                "server_2": 1,
                "server_3": 0
            }
        },
        "serieskao": {
            "quality": [
                "default"
            ],
            "servers": [
                "gvideo",
                "fembed",
                "directo"
            ],
            "settings": {
                "active": false,
                "custom_quality": false,
                "custom_servers": false,
                "plan_b": true,
                "priority": 0,
                "quality_1": 0,
                "quality_2": 0,
                "quality_3": 0,
                "server_1": 2,
                "server_2": 1,
                "server_3": 2
            }
        },
        "seriesmetro": {
            "quality": [
                "default"
            ],
            "servers": [
                "cinemaupload"
            ],
            "settings": {
                "active": false,
                "custom_quality": false,
                "custom_servers": false,
                "plan_b": true,
                "priority": 0,
                "quality_1": 0,
                "quality_2": 0,
                "quality_3": 0,
                "server_1": 0,
                "server_2": 0,
                "server_3": 0
            }
        },
        "sinpeli": {
            "quality": [
                "default",
                "720p"
            ],
            "servers": [
                "okru",
                "yourupload",
                "mega",
                "doodstream",
                "fembed"
            ],
            "settings": {
                "active": false,
                "custom_quality": false,
                "custom_servers": false,
                "plan_b": true,
                "priority": 0,
                "quality_1": 0,
                "quality_2": 0,
                "quality_3": 0,
                "server_1": 0,
                "server_2": 1,
                "server_3": 2
            }
        },
        "status": true,
        "ultrapelishd": {
            "quality": [
                "default"
            ],
            "servers": [
                "fembed",
                "uqload"
            ],
            "settings": {
                "active": false,
                "custom_quality": false,
                "custom_servers": false,
                "plan_b": true,
                "priority": 0,
                "quality_1": 0,
                "quality_2": 0,
                "quality_3": 0,
                "server_1": 0,
                "server_2": 1,
                "server_3": 0
            }
        },
        "wolfmax4k": {
            "quality": [
                "BluRay",
                "1080p",
                "HD",
                "Rip",
                "MicroHD",
                "720p",
                "2160p",
                "4K",
                "3D",
                "RHDTV",
                "DVDSCR",
                "DVDR",
                "CAM",
                "Screener",
                "TS",
                "HDTV-720p",
                "HDTV",
                "WEB-DL 1080p",
                "4KWebRip",
                "default"
            ],
            "servers": [
                "torrent"
            ],
            "settings": {
                "active": false,
                "custom_quality": false,
                "custom_servers": false,
                "plan_b": true,
                "priority": 0,
                "quality_1": 0,
                "quality_2": 1,
                "quality_3": 2,
                "server_1": 0,
                "server_2": 0,
                "server_3": 0
            }
        },
        "zonaleros": {
            "quality": [
                "default"
            ],
            "servers": [
                "gvideo",
                "fembed"
            ],
            "settings": {
                "active": false,
                "custom_quality": false,
                "custom_servers": false,
                "plan_b": true,
                "priority": 0,
                "quality_1": 0,
                "quality_2": 0,
                "quality_3": 0,
                "server_1": 0,
                "server_2": 1,
                "server_3": 0
            }
        }
    }
}