{
    "AUTOPLAY": {
        "cinecalidad": {
            "quality": [
                "default"
            ],
            "servers": [
                "gounlimited",
                "mega",
                "vidcloud",
                "torrent"
            ],
            "settings": {
                "active": false,
                "custom_quality": false,
                "custom_servers": false,
                "plan_b": true,
                "priority": 0,
                "quality_1": 0,
                "quality_2": 0,
                "quality_3": 0,
                "server_1": 0,
                "server_2": 1,
                "server_3": 2
            }
        },
        "cuevana3": {
            "quality": [
                "default"
            ],
            "servers": [
                "fastplay",
                "directo",
                "streamplay",
                "flashx",
                "streamito",
                "streamango",
                "vidoza"
            ],
            "settings": {
                "active": false,
                "custom_quality": false,
                "custom_servers": false,
                "plan_b": true,
                "priority": 0,
                "quality_1": 0,
                "quality_2": 0,
                "quality_3": 0,
                "server_1": 0,
                "server_2": 1,
                "server_3": 2
            }
        },
        "dontorrent": {
            "quality": [
                "default"
            ],
            "servers": [
                "torrent"
            ],
            "settings": {
                "active": false,
                "custom_quality": false,
                "custom_servers": false,
                "plan_b": true,
                "priority": 0,
                "quality_1": 0,
                "quality_2": 0,
                "quality_3": 0,
                "server_1": 0,
                "server_2": 0,
                "server_3": 0
            }
        },
        "entrepeliculasyseries": {
            "quality": [
                "default"
            ],
            "servers": [
                "mega",
                "fembed",
                "vidtodo",
                "gvideo"
            ],
            "settings": {
                "active": false,
                "custom_quality": false,
                "custom_servers": false,
                "plan_b": true,
                "priority": 0,
                "quality_1": 0,
                "quality_2": 0,
                "quality_3": 0,
                "server_1": 0,
                "server_2": 1,
                "server_3": 2
            }
        },
        "estrenoscinesaa": {
            "quality": [
                "default"
            ],
            "servers": [
                "Fembed",
                "Uqload",
                "Youtube"
            ],
            "settings": {
                "active": false,
                "custom_quality": false,
                "custom_servers": false,
                "plan_b": true,
                "priority": 0,
                "quality_1": 0,
                "quality_2": 0,
                "quality_3": 0,
                "server_1": 0,
                "server_2": 1,
                "server_3": 2
            }
        },
        "hdfulls": {
            "quality": [
                "HD1080",
                "HD720",
                "HDTV",
                "DVDRIP",
                "RHDTV",
                "DVDSCR",
                "default"
            ],
            "servers": [
                "flix555",
                "clipwatching",
                "gamovideo",
                "powvideo",
                "streamplay",
                "vidoza",
                "vidtodo",
                "uptobox"
            ],
            "settings": {
                "active": false,
                "custom_quality": false,
                "custom_servers": false,
                "plan_b": true,
                "priority": 0,
                "quality_1": 0,
                "quality_2": 1,
                "quality_3": 2,
                "server_1": 0,
                "server_2": 1,
                "server_3": 2
            }
        },
        "legalmentegratis": {
            "quality": [
                "default"
            ],
            "servers": [
                "youtube"
            ],
            "settings": {
                "active": false,
                "custom_quality": false,
                "custom_servers": false,
                "plan_b": true,
                "priority": 0,
                "quality_1": 0,
                "quality_2": 0,
                "quality_3": 0,
                "server_1": 0,
                "server_2": 0,
                "server_3": 0
            }
        },
        "mirapeliculas": {
            "quality": [
                "BR-Rip",
                "HD-Rip",
                "DVD-Rip",
                "TS-HQ",
                "TS-Screner",
                "Cam",
                "default"
            ],
            "servers": [
                "streamango",
                "streamplay",
                "openload",
                "okru"
            ],
            "settings": {
                "active": false,
                "custom_quality": false,
                "custom_servers": false,
                "plan_b": true,
                "priority": 0,
                "quality_1": 0,
                "quality_2": 1,
                "quality_3": 2,
                "server_1": 0,
                "server_2": 1,
                "server_3": 2
            }
        },
        "newpct1": {
            "quality": [
                "default"
            ],
            "servers": [
                "torrent"
            ],
            "settings": {
                "active": false,
                "custom_quality": false,
                "custom_servers": false,
                "plan_b": true,
                "priority": 0,
                "quality_1": 0,
                "quality_2": 0,
                "quality_3": 0,
                "server_1": 0,
                "server_2": 0,
                "server_3": 0
            }
        },
        "pelisencastellano": {
            "quality": [
                "default"
            ],
            "servers": [
                "fembed"
            ],
            "settings": {
                "active": false,
                "custom_quality": false,
                "custom_servers": false,
                "plan_b": true,
                "priority": 0,
                "quality_1": 0,
                "quality_2": 0,
                "quality_3": 0,
                "server_1": 0,
                "server_2": 0,
                "server_3": 0
            }
        },
        "pelismaraton": {
            "quality": [
                "default"
            ],
            "servers": [
                "fembed",
                "streampe",
                "evoload",
                "uqload",
                "upstream"
            ],
            "settings": {
                "active": false,
                "custom_quality": false,
                "custom_servers": false,
                "plan_b": true,
                "priority": 0,
                "quality_1": 0,
                "quality_2": 0,
                "quality_3": 0,
                "server_1": 0,
                "server_2": 1,
                "server_3": 2
            }
        },
        "pelisxd": {
            "quality": [
                "default"
            ],
            "servers": [
                "gvideo",
                "fembed"
            ],
            "settings": {
                "active": false,
                "custom_quality": false,
                "custom_servers": false,
                "plan_b": true,
                "priority": 0,
                "quality_1": 0,
                "quality_2": 0,
                "quality_3": 0,
                "server_1": 0,
                "server_2": 1,
                "server_3": 0
            }
        },
        "poseidonhd": {
            "quality": [
                "default"
            ],
            "servers": [
                "gvideo",
                "fembed"
            ],
            "settings": {
                "active": false,
                "custom_quality": false,
                "custom_servers": false,
                "plan_b": true,
                "priority": 0,
                "quality_1": 0,
                "quality_2": 0,
                "quality_3": 0,
                "server_1": 0,
                "server_2": 1,
                "server_3": 0
            }
        },
        "serieskao": {
            "quality": [
                "default"
            ],
            "servers": [
                "gvideo",
                "fembed",
                "directo"
            ],
            "settings": {
                "active": false,
                "custom_quality": false,
                "custom_servers": false,
                "plan_b": true,
                "priority": 0,
                "quality_1": 0,
                "quality_2": 0,
                "quality_3": 0,
                "server_1": 0,
                "server_2": 1,
                "server_3": 2
            }
        },
        "sinpeli": {
            "quality": [
                "default"
            ],
            "servers": [
                "okru",
                "yourupload",
                "mega",
                "doodstream",
                "fembed"
            ],
            "settings": {
                "active": false,
                "custom_quality": false,
                "custom_servers": false,
                "plan_b": true,
                "priority": 0,
                "quality_1": 0,
                "quality_2": 0,
                "quality_3": 0,
                "server_1": 0,
                "server_2": 1,
                "server_3": 2
            }
        },
        "ultrapelishd": {
            "quality": [
                "default"
            ],
            "servers": [
                "fembed",
                "uqload"
            ],
            "settings": {
                "active": false,
                "custom_quality": false,
                "custom_servers": false,
                "plan_b": true,
                "priority": 0,
                "quality_1": 0,
                "quality_2": 0,
                "quality_3": 0,
                "server_1": 0,
                "server_2": 1,
                "server_3": 0
            }
        },
        "zonaleros": {
            "quality": [
                "default"
            ],
            "servers": [
                "gvideo",
                "fembed"
            ],
            "settings": {
                "active": false,
                "custom_quality": false,
                "custom_servers": false,
                "plan_b": true,
                "priority": 0,
                "quality_1": 0,
                "quality_2": 0,
                "quality_3": 0,
                "server_1": 0,
                "server_2": 1,
                "server_3": 0
            }
        }
    }
}