{
    "settings": {
        "auto_download_new": false,
        "auto_download_new_all": false,
        "current_host": "https://www1.grantorrent.wf/",
        "emergency_urls": 0,
        "emergency_urls_torrents": true,
        "filter_languages": 0,
        "find_alt_link_option": false,
        "include_in_global_search": true,
        "include_in_newest_4k": true,
        "include_in_newest_peliculas": true,
        "include_in_newest_series": true,
        "modo_grafico": false,
        "modo_grafico_lang": 0,
        "pseudo_titulos": false,
        "season_colapse": true,
        "seleccionar_ult_temporadda_activa": true,
        "timeout_downloadpage": 15
    }
}