{
    "settings": {
        "auto_download_new": true,
        "auto_download_new_all": true,
        "clonenewpct1_channel_default": 0,
        "clonenewpct1_channels_list": "('1', 'pctreload1', 'https://pctreload1.com/', 'movie, tvshow, season, episode', ''), ('1', 'pctmix', 'https://pctmix.com/', 'movie, tvshow, season, episode', ''), ('0', 'pctreload', 'https://pctreload.com/', 'movie, tvshow, season, episode', ''), ('0', 'descargas2020', 'https://descargas2020.net/', 'movie, tvshow, season, episode', ''), ('0', 'tumejortorrent', 'https://tumejortorrent.org/', 'movie, tvshow, season, episode', ''), ('0', 'torrentrapid', 'https://torrentrapid.org/', 'movie, tvshow, season, episode', 'serie_episodios'), ('0', 'planetatorrent', 'http://planetatorrent.com/', 'movie, tvshow, season, episode', ''), ('0', 'tvsinpagar', 'http://www.tvsinpagar.com/', 'tvshow, season, episode', ''), ('0', 'torrentlocura', 'https://torrentlocura.cc/', 'movie, tvshow, season, episode', ''), ('0', 'mispelisyseries', 'http://mispelisyseries.com/', 'movie', 'search, listado_busqueda'), ('0', 'pctnew', 'https://pctnew.org/', 'movie, tvshow, season, episode', '')",
        "clonenewpct1_excluir1_enlaces_descargas": 0,
        "clonenewpct1_excluir1_enlaces_veronline": 0,
        "clonenewpct1_excluir2_enlaces_descargas": 0,
        "clonenewpct1_excluir2_enlaces_veronline": 0,
        "clonenewpct1_excluir3_enlaces_descargas": 0,
        "clonenewpct1_excluir3_enlaces_veronline": 0,
        "clonenewpct1_excluir4_enlaces_descargas": 0,
        "clonenewpct1_excluir4_enlaces_veronline": 0,
        "clonenewpct1_excluir5_enlaces_descargas": 0,
        "clonenewpct1_excluir5_enlaces_veronline": 0,
        "clonenewpct1_rango_fechas_novedades": 2,
        "clonenewpct1_serie_episodio_novedades": 1,
        "clonenewpct1_timeout_downloadpage": 10,
        "clonenewpct1_ver_enlaces_descargas": 1,
        "clonenewpct1_ver_enlaces_veronline": 1,
        "clonenewpct1_verificar_enlaces_descargas": 0,
        "clonenewpct1_verificar_enlaces_descargas_validos": true,
        "clonenewpct1_verificar_enlaces_veronline": 0,
        "clonenewpct1_verificar_enlaces_veronline_validos": true,
        "emergency_urls": 2,
        "emergency_urls_torrents": false,
        "filter_languages": 0,
        "find_alt_link_option": true,
        "frequency": 6,
        "include_in_global_search": true,
        "include_in_newest_4k": true,
        "include_in_newest_anime": true,
        "include_in_newest_documentales": true,
        "include_in_newest_latino": true,
        "include_in_newest_peliculas": true,
        "include_in_newest_series": true,
        "include_in_newest_torrent": true,
        "intervenidos_channels_list": "('0', 'canal_org', 'canal_des', 'url_org', 'url_des', 'patron1', 'patron2', 'patron3', 'patron4', 'patron5', 'content_inc', 'content_exc', 'ow_force'), ('0', 'canal_org', 'canal_des', 'url_org', 'url_des', 'patron1', 'patron2', 'patron3', 'patron4', 'patron5', 'content_inc', 'content_exc', 'ow_force'), ('1', 'pctreload', 'pctreload1', 'pctreload.com', 'https://pctreload1.com/', '(http\\S+)\\/\\w+-(?:org|com)', '', '', '', '', '*', '', 'no'), ('1', 'pctmix', 'pctmix', 'pctmix.com', 'https://pctmix.com/', '(http\\S+)\\/\\w+-(?:org|com)', '', '', '', '', '*', '', 'no'), ('1', 'descargas2020', 'pctreload1', 'descargas2020.com', 'https://pctreload1.com/', '(http\\S+)\\/\\w+-(?:org|com)', '', '', '', '', '*', '', 'no'), ('1', 'descargas2020', 'pctreload1', 'descargas2020.org', 'https://pctreload1.com/', '(http\\S+)\\/\\w+-(?:org|com)', '', '', '', '', '*', '', 'no'), ('1', 'pctnew', 'pctreload1', 'pctnew.com', 'https://pctreload1.com/', '(http\\S+)\\/\\w+-(?:org|com)', '', '', '', '', '*', '', 'no'), ('1', 'pctnew', 'pctreload1', 'pctnew.org', 'https://pctreload1.com/', '(http\\S+)\\/\\w+-(?:org|com)', '', '', '', '', '*', '', 'no'), ('1', 'tumejortorrent', 'pctreload1', 'tumejortorrent.com', 'https://pctreload1.com/', '(http\\S+)\\/\\w+-(?:org|com)', '', '', '', '', '*', '', 'no'), ('1', 'torrentrapid', 'pctreload1', 'torrentrapid.com', 'https://pctreload1.com/', '(http\\S+)\\/\\w+-(?:org|com)', '', '', '', '', '*', '', 'no'), ('1', 'torrentlocura', 'pctreload1', 'torrentlocura.com', 'https://pctreload1.com/', '(http\\S+)\\/\\w+-(?:org|com)', '', '', '', '', '*', '', 'no'), ('1', 'tvsinpagar', 'pctreload1', 'www.tvsinpagar.com', 'https://pctreload1.com/', '(http\\S+)\\/\\w+-(?:org|com)', '', '', '', '', '*', '', 'no'), ('1', 'mispelisyseries', 'pctreload1', 'mispelisyseries.com', 'https://pctreload1.com/', '(http\\S+)\\/\\w+-(?:org|com)', '', '', '', '', '*', '', 'no'), ('1', 'planetatorrent', 'pctreload1', 'planetatorrent.com', 'https://pctreload1.com/', '(http\\S+)\\/\\w+-(?:org|com)', '', '', '', '', '*', '', 'no'), ('1', 'pepecine', 'pepecine', '*', 'https://verencasa.com', '', '', '', '', '', '*', '', 'no'), ('1', 'mejortorrent', 'mejortorrent', '*', 'https://www.mejortorrents.net', '', '', '', '', '', '*', '', 'no'), ('1', 'mejortorrent1', 'mejortorrent1', '*', 'https://mejortorrent.one', '', '', '', '', '', '*', '', 'no'), ('1', 'grantorrent', 'grantorrent', '*', 'https://grantorrent.nl', '', '', '', '', '', '*', '', 'no'), ('1', 'subtorrents', 'subtorrents', '*', 'https://www.subtorrents.one', '', '', '', '', '', '*', '', 'no'), ('1', 'elitetorrent', 'elitetorrent', '*', 'https://www.elitetorrent.com', '', '', '', '', '', '*', '', 'no'), ('1', 'cinecalidad', 'cinecalidad', '*', 'http://www.cinecalidad.im', '', '', '', '', '', '*', '', 'no'), ('1', 'cuevana3', 'cuevana3', '*', 'https://cuevana3.io', '', '', '', '', '', '*', '', 'no'), ('1', 'dontorrent', 'dontorrent', '*', 'https://dontorrents.org', '', '', '', '', '', '*', '', 'no'), ('1', 'pelisplay', 'pelisplay', '*', 'https://www.pelisplay.co', '', '', '', '', '', '*', '', 'no'), ('1', 'estrenosgo', 'estrenosgo', '*', 'https://estrenosflix.org', '', '', '', '', '', '*', '', 'no'), ('1', 'tekilaz', 'tekilaz', '*', 'https://tekilaz.co', '', '', '', '', '', '*', '', 'no'), ('1', 'poseidonhd', 'poseidonhd', '*', 'https://tekilaz.co', '', '', '', '', '', '*', '', 'no'), ('1', 'poseidonhdd', 'poseidonhdd', '*', 'https://tekilaz.co', '', '', '', '', '', '*', '', 'no'), ('1', 'poseidonhd', 'poseidonhd', '*', 'https://tekilaz.co', '', '', '', '', '', '*', '', 'no'), ('1', 'cinetorrent', 'cinetorrent', '*', 'http://cinetorrent.co', '', '', '', '', '', '*', '', 'no'), ('1', 'divxtotal', 'divxtotal', '*', 'https://www.divxtotal.one', '', '', '', '', '', '*', '', 'no'), ('1', 'tvanime', 'tvanime', '*', 'https://monoschinos2.com', '', '', '', '', '', '*', '', 'no'), ('1', 'inkapelis', 'inkapelis', '*', 'https://inkapelis.me', '', '', '', '', '', '*', '', 'no')",
        "modo_grafico": false,
        "modo_grafico_lang": 0,
        "pseudo_titulos": false,
        "season_colapse": false,
        "seleccionar_ult_temporadda_activa": true
    }
}