{
    "settings": {
        "ask_channel": false,
        "cleanlibrary": false,
        "db_mode": 0,
        "enable_filter": false,
        "everyday_delay": 5,
        "everyday_delay_2": 5,
        "filters": null,
        "last_season_only": false,
        "lowerize_title": 0,
        "mark_as_watched": true,
        "max_links": 1,
        "no_pile_on_seasons": 1,
        "original_title_folder": 0,
        "quit_channel_name": false,
        "replace_VD": false,
        "scraper_movies": 0,
        "scraper_tvshows": 1,
        "search_new_content": 0,
        "show_all_seasons": true,
        "sync_trakt_new_tvshow": true,
        "sync_trakt_new_tvshow_wait": true,
        "sync_trakt_notification": true,
        "sync_trakt_watched": true,
        "tvdb_retry_eng": true,
        "update": 2,
        "update_wait": 0,
        "updatelibrary_last_check": "2023-05-01",
        "updatetvshows_interval": 0,
        "verify_playcount": false,
        "videolibrary_backup": null,
        "videolibrary_backup_scan": false,
        "watched_setting": 3,
        "white_list_order": false,
        "window_type": 0,
        "xbmc_host": null,
        "xbmc_puerto": null
    }
}