{
    "settings": {
        "current_host": "https://cinetux.nu/",
        "filter_languages": 0,
        "filterlinks": 1,
        "frequency": 1,
        "include_in_global_search": true,
        "include_in_newest_castellano": true,
        "include_in_newest_documentales": true,
        "include_in_newest_infantiles": true,
        "include_in_newest_latino": false,
        "include_in_newest_peliculas": true,
        "include_in_newest_terror": true,
        "modo_grafico": false,
        "perfil": 0,
        "viewmode": 1
    }
}