{
    "settings": {
        "auto_download_new": true,
        "auto_download_new_all": true,
        "current_host": "https://dontorrent.cat/",
        "emergency_urls": 2,
        "emergency_urls_torrents": false,
        "filter_languages": 1,
        "frequency": 4,
        "include_in_global_search": true,
        "include_in_newest_peliculas": true,
        "include_in_newest_series": true,
        "modo_grafico": false,
        "modo_grafico_lang": 0,
        "pseudo_titulos": false,
        "season_colapse": false,
        "seleccionar_ult_temporadda_activa": true,
        "timeout_downloadpage": 10
    }
}