{
    "settings": {
        "auto_download_new": false,
        "auto_download_new_all": false,
        "current_host": "https://www.elitetorrent.com/",
        "emergency_urls": 2,
        "emergency_urls_torrents": false,
        "filter_languages": 0,
        "frequency": 2,
        "include_in_global_search": true,
        "include_in_newest_peliculas": true,
        "modo_grafico": false,
        "modo_grafico_lang": 0,
        "pseudo_titulos": false,
        "timeout_downloadpage": 5
    }
}