{
    "settings": {
        "auto_download_new": false,
        "auto_download_new_all": false,
        "clonenewpct1_channel_default": 0,
        "clonenewpct1_channels_list": "('1', 'atomohd', 'https://atomohd.care/', 'movie, tvshow, season, episode', ''), ('0', 'atomixhq', 'https://atomixhq.xyz/', 'movie, tvshow, season, episode', ''), ('0', 'nucleohd', 'https://nucleohd.com/', 'movie, tvshow, season, episode', ''), ('0', 'pctmix1', 'https://pctmix1.com/', 'movie, tvshow, season, episode', ''), ('0', 'pctreload1', 'https://pctreload1.com/', 'movie, tvshow, season, episode', ''), ('0', 'maxitorrent', 'https://maxitorrent.com/', 'movie, tvshow, season, episode', ''), ('0', 'pctmix', 'https://pctmix.com/', 'movie, tvshow, season, episode', ''), ('0', 'pctreload', 'https://pctreload.com/', 'movie, tvshow, season, episode', ''), ('0', 'descargas2020', 'https://descargas2020.net/', 'movie, tvshow, season, episode', ''), ('0', 'tumejortorrent', 'https://tumejortorrent.org/', 'movie, tvshow, season, episode', ''), ('0', 'torrentrapid', 'https://torrentrapid.org/', 'movie, tvshow, season, episode', 'serie_episodios'), ('0', 'planetatorrent', 'http://planetatorrent.com/', 'movie, tvshow, season, episode', ''), ('0', 'tvsinpagar', 'http://www.tvsinpagar.com/', 'tvshow, season, episode', ''), ('0', 'torrentlocura', 'https://torrentlocura.click/', 'movie, tvshow, season, episode', ''), ('0', 'mispelisyseries', 'http://mispelisyseries.com/', 'movie', 'search, listado_busqueda'), ('0', 'pctnew', 'https://pctnew.org/', 'movie, tvshow, season, episode', '')",
        "clonenewpct1_excluir1_enlaces_descargas": 0,
        "clonenewpct1_excluir1_enlaces_veronline": 22,
        "clonenewpct1_excluir2_enlaces_descargas": 0,
        "clonenewpct1_excluir2_enlaces_veronline": 12,
        "clonenewpct1_excluir3_enlaces_descargas": 0,
        "clonenewpct1_excluir3_enlaces_veronline": 20,
        "clonenewpct1_excluir4_enlaces_descargas": 0,
        "clonenewpct1_excluir4_enlaces_veronline": 0,
        "clonenewpct1_excluir5_enlaces_descargas": 0,
        "clonenewpct1_excluir5_enlaces_veronline": 0,
        "clonenewpct1_rango_fechas_novedades": 2,
        "clonenewpct1_serie_episodio_novedades": 1,
        "clonenewpct1_timeout_downloadpage": 5,
        "clonenewpct1_ver_enlaces_descargas": 0,
        "clonenewpct1_ver_enlaces_veronline": 1,
        "clonenewpct1_verificar_enlaces_descargas": 0,
        "clonenewpct1_verificar_enlaces_descargas_validos": true,
        "clonenewpct1_verificar_enlaces_veronline": 0,
        "clonenewpct1_verificar_enlaces_veronline_validos": true,
        "emergency_urls": 1,
        "emergency_urls_torrents": true,
        "filter_languages": 0,
        "find_alt_link_option": true,
        "include_in_global_search": true,
        "include_in_newest_4k": true,
        "include_in_newest_latino": true,
        "include_in_newest_peliculas": true,
        "include_in_newest_torrent": true,
        "intervenidos_channels_list": "('0', 'canal_org', 'canal_des', 'url_org', 'url_des', 'patron1', 'patron2', 'patron3', 'patron4', 'patron5', 'content_inc', 'content_exc', 'ow_force'), ('1', 'atomohd', 'atomohd', 'atomohd.cash', 'https://atomohd.care/', '(http\\S+)\\/\\w+-(?:org|com)', '', '', '', '', '*', '', 'no'), ('1', 'atomohd', 'atomohd', 'atomohd.surf', 'https://atomohd.care/', '(http\\S+)\\/\\w+-(?:org|com)', '', '', '', '', '*', '', 'no'), ('1', 'atomohd', 'atomohd', 'atomohd.ninja', 'https://atomohd.care/', '(http\\S+)\\/\\w+-(?:org|com)', '', '', '', '', '*', '', 'no'), ('1', 'atomohd', 'atomohd', 'atomohd.love', 'https://atomohd.care/', '(http\\S+)\\/\\w+-(?:org|com)', '', '', '', '', '*', '', 'no'), ('1', 'atomohd', 'atomohd', 'atomohd.plus', 'https://atomohd.care/', '(http\\S+)\\/\\w+-(?:org|com)', '', '', '', '', '*', '', 'no'), ('1', 'atomohd', 'atomohd', 'atomohd.cloud', 'https://atomohd.care/', '(http\\S+)\\/\\w+-(?:org|com)', '', '', '', '', '*', '', 'no'), ('1', 'atomohd', 'atomohd', 'atomohd.chat', 'https://atomohd.care/', '(http\\S+)\\/\\w+-(?:org|com)', '', '', '', '', '*', '', 'no'), ('1', 'atomohd', 'atomohd', 'atomohd.casa', 'https://atomohd.care/', '(http\\S+)\\/\\w+-(?:org|com)', '', '', '', '', '*', '', 'no'), ('1', 'atomohd', 'atomohd', 'atomohd.how', 'https://atomohd.care/', '(http\\S+)\\/\\w+-(?:org|com)', '', '', '', '', '*', '', 'no'), ('1', 'atomohd', 'atomohd', 'atomohd.futbol', 'https://atomohd.care/', '(http\\S+)\\/\\w+-(?:org|com)', '', '', '', '', '*', '', 'no'), ('1', 'atomohd', 'atomohd', 'atomohd.bier', 'https://atomohd.care/', '(http\\S+)\\/\\w+-(?:org|com)', '', '', '', '', '*', '', 'no'), ('1', 'atomohd', 'atomohd', 'atomohd.nl', 'https://atomohd.care/', '(http\\S+)\\/\\w+-(?:org|com)', '', '', '', '', '*', '', 'no'), ('1', 'atomohd', 'atomohd', 'atomohd.mba', 'https://atomohd.care/', '(http\\S+)\\/\\w+-(?:org|com)', '', '', '', '', '*', '', 'no'), ('1', 'atomohd', 'atomohd', 'atomohd.lol', 'https://atomohd.care/', '(http\\S+)\\/\\w+-(?:org|com)', '', '', '', '', '*', '', 'no'), ('1', 'atomohd', 'atomohd', 'atomohd.win', 'https://atomohd.care/', '(http\\S+)\\/\\w+-(?:org|com)', '', '', '', '', '*', '', 'no'), ('1', 'atomohd', 'atomohd', 'atomohd.li', 'https://atomohd.care/', '(http\\S+)\\/\\w+-(?:org|com)', '', '', '', '', '*', '', 'no'), ('1', 'atomohd', 'atomohd', 'atomohd.run', 'https://atomohd.care/', '(http\\S+)\\/\\w+-(?:org|com)', '', '', '', '', '*', '', 'no'), ('1', 'atomohd', 'atomohd', 'atomohd.nu', 'https://atomohd.care/', '(http\\S+)\\/\\w+-(?:org|com)', '', '', '', '', '*', '', 'no'), ('1', 'atomohd', 'atomohd', 'atomohd.fi', 'https://atomohd.care/', '(http\\S+)\\/\\w+-(?:org|com)', '', '', '', '', '*', '', 'no'), ('1', 'atomohd', 'atomohd', 'atomohd.cx', 'https://atomohd.care/', '(http\\S+)\\/\\w+-(?:org|com)', '', '', '', '', '*', '', 'no'), ('1', 'atomohd', 'atomohd', 'atomohd.kim', 'https://atomohd.care/', '(http\\S+)\\/\\w+-(?:org|com)', '', '', '', '', '*', '', 'no'), ('1', 'atomohd', 'atomohd', 'atomohd.tw', 'https://atomohd.care/', '(http\\S+)\\/\\w+-(?:org|com)', '', '', '', '', '*', '', 'no'), ('1', 'atomohd', 'atomohd', 'atomohd.ch', 'https://atomohd.care/', '(http\\S+)\\/\\w+-(?:org|com)', '', '', '', '', '*', '', 'no'), ('1', 'atomohd', 'atomohd', 'atomohd.vet', 'https://atomohd.care/', '(http\\S+)\\/\\w+-(?:org|com)', '', '', '', '', '*', '', 'no'), ('1', 'atomohd', 'atomohd', 'atomohd.vg', 'https://atomohd.care/', '(http\\S+)\\/\\w+-(?:org|com)', '', '', '', '', '*', '', 'no'), ('1', 'atomohd', 'atomohd', 'atomohd.yt', 'https://atomohd.care/', '(http\\S+)\\/\\w+-(?:org|com)', '', '', '', '', '*', '', 'no'), ('1', 'atomohd', 'atomohd', 'atomohd.vip', 'https://atomohd.care/', '(http\\S+)\\/\\w+-(?:org|com)', '', '', '', '', '*', '', 'no'), ('1', 'atomohd', 'atomohd', 'atomohd.live', 'https://atomohd.care/', '(http\\S+)\\/\\w+-(?:org|com)', '', '', '', '', '*', '', 'no'), ('1', 'atomohd', 'atomohd', 'atomohd.app', 'https://atomohd.care/', '(http\\S+)\\/\\w+-(?:org|com)', '', '', '', '', '*', '', 'no'), ('1', 'atomohd', 'atomohd', 'atomohd.pm', 'https://atomohd.care/', '(http\\S+)\\/\\w+-(?:org|com)', '', '', '', '', '*', '', 'no'), ('1', 'atomohd', 'atomohd', 'atomohd.wf', 'https://atomohd.care/', '(http\\S+)\\/\\w+-(?:org|com)', '', '', '', '', '*', '', 'no'), ('1', 'atomohd', 'atomohd', 'atomohd.click', 'https://atomohd.care/', '(http\\S+)\\/\\w+-(?:org|com)', '', '', '', '', '*', '', 'no'), ('1', 'atomohd', 'atomohd', 'atomohd.cc', 'https://atomohd.care/', '(http\\S+)\\/\\w+-(?:org|com)', '', '', '', '', '*', '', 'no'), ('1', 'atomohd', 'atomohd', 'atomohd.re', 'https://atomohd.care/', '(http\\S+)\\/\\w+-(?:org|com)', '', '', '', '', '*', '', 'no'), ('1', 'atomohd', 'atomohd', 'atomohd.in', 'https://atomohd.care/', '(http\\S+)\\/\\w+-(?:org|com)', '', '', '', '', '*', '', 'no'), ('1', 'atomohd', 'atomohd', 'atomohd.ue', 'https://atomohd.care/', '(http\\S+)\\/\\w+-(?:org|com)', '', '', '', '', '*', '', 'no'), ('1', 'atomohd', 'atomohd', 'atomohd.lnk', 'https://atomohd.care/', '(http\\S+)\\/\\w+-(?:org|com)', '', '', '', '', '*', '', 'no'), ('1', 'atomohd', 'atomohd', 'atomohd.pl', 'https://atomohd.care/', '(http\\S+)\\/\\w+-(?:org|com)', '', '', '', '', '*', '', 'no'), ('1', 'atomohd', 'atomohd', 'atomohd.tel', 'https://atomohd.care/', '(http\\S+)\\/\\w+-(?:org|com)', '', '', '', '', '*', '', 'no'), ('1', 'atomohd', 'atomohd', 'atomohd.one', 'https://atomohd.care/', '(http\\S+)\\/\\w+-(?:org|com)', '', '', '', '', '*', '', 'no'), ('1', 'atomohd', 'atomohd', 'atomohd.top', 'https://atomohd.care/', '(http\\S+)\\/\\w+-(?:org|com)', '', '', '', '', '*', '', 'no'), ('1', 'atomohd', 'atomohd', 'atomohd.art', 'https://atomohd.care/', '(http\\S+)\\/\\w+-(?:org|com)', '', '', '', '', '*', '', 'no'), ('1', 'atomohd', 'atomohd', 'atomohd.efe', 'https://atomohd.care/', '(http\\S+)\\/\\w+-(?:org|com)', '', '', '', '', '*', '', 'no'), ('1', 'atomohd', 'atomohd', 'atomohd.xyz', 'https://atomohd.care/', '(http\\S+)\\/\\w+-(?:org|com)', '', '', '', '', '*', '', 'no'), ('1', 'atomohd', 'atomohd', 'atomohd.org', 'https://atomohd.care/', '(http\\S+)\\/\\w+-(?:org|com)', '', '', '', '', '*', '', 'no'), ('1', 'atomohd', 'atomohd', 'atomohd.net', 'https://atomohd.care/', '(http\\S+)\\/\\w+-(?:org|com)', '', '', '', '', '*', '', 'no'), ('1', 'atomohd', 'atomohd', 'atomohd.com', 'https://atomohd.care/', '(http\\S+)\\/\\w+-(?:org|com)', '', '', '', '', '*', '', 'no'), ('1', 'atomixhq', 'atomohd', 'atomixhq.xyz', 'https://atomohd.care/', '(http\\S+)\\/\\w+-(?:org|com)', '', '', '', '', '*', '', 'no'), ('1', 'atomixhq', 'atomohd', 'atomixhq.in', 'https://atomohd.care/', '(http\\S+)\\/\\w+-(?:org|com)', '', '', '', '', '*', '', 'no'), ('1', 'nucleohd', 'atomohd', 'nucleohd.com', 'https://atomohd.care/', '(http\\S+)\\/\\w+-(?:org|com)', '', '', '', '', '*', '', 'no'), ('1', 'atomixhq', 'atomohd', 'atomixhq.in', 'https://atomohd.care/', '(http\\S+)\\/\\w+-(?:org|com)', '', '', '', '', '*', '', 'no'), ('1', 'atomixhq', 'atomohd', 'atomixhq.in', 'https://atomohd.care/', '(http\\S+)\\/\\w+-(?:org|com)', '', '', '', '', '*', '', 'no'), ('1', 'atomixhq', 'atomohd', 'atomixhq.in', 'https://atomohd.care/', '(http\\S+)\\/\\w+-(?:org|com)', '', '', '', '', '*', '', 'no'), ('1', 'atomixhq', 'atomohd', 'atomixhq.net', 'https://atomohd.care/', '(http\\S+)\\/\\w+-(?:org|com)', '', '', '', '', '*', '', 'no'), ('1', 'atomixhq', 'atomohd', 'atomixhq.in', 'https://atomohd.care/', '(http\\S+)\\/\\w+-(?:org|com)', '', '', '', '', '*', '', 'no'), ('1', 'atomixhq', 'atomohd', 'atomixhq.com', 'https://atomohd.care/', '(http\\S+)\\/\\w+-(?:org|com)', '', '', '', '', '*', '', 'no'), ('1', 'maxitorrent', 'atomohd', 'maxitorrent.com', 'https://atomohd.care/', '(http\\S+)\\/\\w+-(?:org|com)', '', '', '', '', '*', '', 'no'), ('1', 'pctmix1', 'atomohd', 'pctmix1.com', 'https://atomohd.care/', '(http\\S+)\\/\\w+-(?:org|com)', '', '', '', '', '*', '', 'no'), ('1', 'pctreload1', 'atomohd', 'pctreload1.com', 'https://atomohd.care/', '(http\\S+)\\/\\w+-(?:org|com)', '', '', '', '', '*', '', 'no'), ('1', 'pctreload', 'atomohd', 'pctreload.com', 'https://atomohd.care/', '(http\\S+)\\/\\w+-(?:org|com)', '', '', '', '', '*', '', 'no'), ('1', 'pctmix', 'atomohd', 'pctmix.com', 'https://atomohd.care/', '(http\\S+)\\/\\w+-(?:org|com)', '', '', '', '', '*', '', 'no'), ('1', 'descargas2020', 'atomohd', 'descargas2020.com', 'https://atomohd.care/', '(http\\S+)\\/\\w+-(?:org|com)', '', '', '', '', '*', '', 'no'), ('1', 'descargas2020', 'atomohd', 'descargas2020.org', 'https://atomohd.care/', '(http\\S+)\\/\\w+-(?:org|com)', '', '', '', '', '*', '', 'no'), ('1', 'pctnew', 'atomohd', 'pctnew.com', 'https://atomohd.care/', '(http\\S+)\\/\\w+-(?:org|com)', '', '', '', '', '*', '', 'no'), ('1', 'pctnew', 'atomohd', 'pctnew.org', 'https://atomohd.care/', '(http\\S+)\\/\\w+-(?:org|com)', '', '', '', '', '*', '', 'no'), ('1', 'tumejortorrent', 'atomohd', 'tumejortorrent.com', 'https://atomohd.care/', '(http\\S+)\\/\\w+-(?:org|com)', '', '', '', '', '*', '', 'no'), ('1', 'torrentrapid', 'atomohd', 'torrentrapid.com', 'https://atomohd.care/', '(http\\S+)\\/\\w+-(?:org|com)', '', '', '', '', '*', '', 'no'), ('1', 'torrentlocura', 'atomohd', 'torrentlocura.com', 'https://atomohd.care/', '(http\\S+)\\/\\w+-(?:org|com)', '', '', '', '', '*', '', 'no'), ('1', 'tvsinpagar', 'atomohd', 'www.tvsinpagar.com', 'https://atomohd.care/', '(http\\S+)\\/\\w+-(?:org|com)', '', '', '', '', '*', '', 'no'), ('1', 'mispelisyseries', 'atomohd', 'mispelisyseries.com', 'https://atomohd.care/', '(http\\S+)\\/\\w+-(?:org|com)', '', '', '', '', '*', '', 'no'), ('1', 'planetatorrent', 'atomohd', 'planetatorrent.com', 'https://atomohd.care/', '(http\\S+)\\/\\w+-(?:org|com)', '', '', '', '', '*', '', 'no')",
        "modo_grafico": true,
        "modo_grafico_lang": 0,
        "pseudo_titulos": true,
        "season_colapse": true,
        "seleccionar_ult_temporadda_activa": true
    }
}